[
  {
    "id": "032d0ea4-ad16-469b-9ded-a460ded21ddc",
    "data": [
      {
        "text": "When will i get refund for my booking cancellation?",
        "userDefined": false
      }
    ],
    "isTemplate": false,
    "count": 0,
    "updated": 1513236708
  },
  {
    "id": "cf8f575d-2dd4-457e-8d71-a8167fccb12d",
    "data": [
      {
        "text": "Will i get refund if i cancel my booking?",
        "userDefined": false
      }
    ],
    "isTemplate": false,
    "count": 0,
    "updated": 1513236708
  },
  {
    "id": "0b049149-78fe-4534-bfee-46b9eb1c0ee3",
    "data": [
      {
        "text": "How long will it take to get refund?",
        "userDefined": false
      }
    ],
    "isTemplate": false,
    "count": 0,
    "updated": 1513236708
  },
  {
    "id": "3804ac58-8e0d-4fc4-9263-ce9baf6e6bb7",
    "data": [
      {
        "text": "I want to cancel my booking. How will i get refund?",
        "userDefined": false
      }
    ],
    "isTemplate": false,
    "count": 0,
    "updated": 1513236708
  },
  {
    "id": "a0119f9a-45e2-4d0c-9123-31b9b1eb0b24",
    "data": [
      {
        "text": "I want refund for my booking?",
        "userDefined": false
      }
    ],
    "isTemplate": false,
    "count": 0,
    "updated": 1513236708
  },
  {
    "id": "a18528f0-2d05-4bf7-9624-e88a0451493c",
    "data": [
      {
        "text": "Can i get refund for my booking in case of cancellation?",
        "userDefined": false
      }
    ],
    "isTemplate": false,
    "count": 0,
    "updated": 1513236708
  }
]