[
  {
    "id": "49a4acc7-e740-417d-851e-bf1bf0606511",
    "data": [
      {
        "text": "What is the waiting period for the new ",
        "userDefined": false
      },
      {
        "text": "Celerio",
        "alias": "MarutiCars",
        "meta": "@MarutiCars",
        "userDefined": false
      },
      {
        "text": "?",
        "userDefined": false
      }
    ],
    "isTemplate": false,
    "count": 0,
    "updated": 0
  },
  {
    "id": "ac273cb0-3ba8-43b7-a503-24a37cc7c63d",
    "data": [
      {
        "text": "What is the current booking for ",
        "userDefined": false
      },
      {
        "text": "Celerio",
        "alias": "MarutiCars",
        "meta": "@MarutiCars",
        "userDefined": false
      },
      {
        "text": "?",
        "userDefined": false
      }
    ],
    "isTemplate": false,
    "count": 0,
    "updated": 1513237622
  },
  {
    "id": "42947003-89f0-44a0-8ba0-8bca005a5f8f",
    "data": [
      {
        "text": "When does the booking ",
        "userDefined": false
      },
      {
        "text": "start",
        "meta": "@sys.ignore",
        "userDefined": true
      },
      {
        "text": " for ",
        "userDefined": false
      },
      {
        "text": "Celerio",
        "alias": "MarutiCars",
        "meta": "@MarutiCars",
        "userDefined": false
      }
    ],
    "isTemplate": false,
    "count": 0,
    "updated": 1513237622
  }
]