[
  {
    "id": "a17c2295-a36a-489f-bb9a-5d8873a31d71",
    "data": [
      {
        "text": " car model of maruti?",
        "userDefined": false
      }
    ],
    "isTemplate": false,
    "count": 0
  },
  {
    "id": "df9ff86b-d5bc-4736-bad1-81581884c89d",
    "data": [
      {
        "text": "what are the different car models of ",
        "userDefined": false
      },
      {
        "text": "alto",
        "alias": "MarutiCars",
        "meta": "@MarutiCars",
        "userDefined": true
      },
      {
        "text": "?",
        "userDefined": false
      }
    ],
    "isTemplate": false,
    "count": 0
  }
]