[
  {
    "id": "b43e4f03-2ae4-4b6b-a067-57a5959a6792",
    "data": [
      {
        "text": "detai\bls  of ",
        "userDefined": false
      },
      {
        "text": "alto",
        "alias": "MarutiCars",
        "meta": "@MarutiCars",
        "userDefined": true
      }
    ],
    "isTemplate": false,
    "count": 0
  },
  {
    "id": "bdd64b96-f4c7-4c65-875a-85efc3aef6d4",
    "data": [
      {
        "text": "full details of ",
        "userDefined": false
      },
      {
        "text": "Alto K10",
        "alias": "MarutiCars",
        "meta": "@MarutiCars",
        "userDefined": false
      }
    ],
    "isTemplate": false,
    "count": 0
  },
  {
    "id": "e438a007-7f20-4dce-bf05-4183a230d847",
    "data": [
      {
        "text": "what is the specification of ",
        "userDefined": false
      },
      {
        "text": "Swift",
        "alias": "MarutiCars",
        "meta": "@MarutiCars",
        "userDefined": false
      },
      {
        "text": " ",
        "userDefined": false
      },
      {
        "text": "top model",
        "alias": "Variants",
        "meta": "@Variants",
        "userDefined": false
      },
      {
        "text": "?",
        "userDefined": false
      }
    ],
    "isTemplate": false,
    "count": 0
  }
]