[
  {
    "id": "166c0d81-e576-4039-aef8-07bf8e1ae35b",
    "data": [
      {
        "text": "Can show me some concept car images",
        "userDefined": false
      }
    ],
    "isTemplate": false,
    "count": 0
  },
  {
    "id": "a1794815-cb37-4c84-a3e7-90545938738f",
    "data": [
      {
        "text": "images",
        "userDefined": false
      }
    ],
    "isTemplate": false,
    "count": 0
  },
  {
    "id": "486ddbb7-208a-453a-84e0-0a18e8630cb4",
    "data": [
      {
        "text": "show me some images",
        "userDefined": false
      }
    ],
    "isTemplate": false,
    "count": 0
  }
]