[
  {
    "id": "b786cc3a-6764-477e-a03d-34fc1bd22f06",
    "data": [
      {
        "text": "splendid",
        "userDefined": false
      }
    ],
    "isTemplate": false,
    "count": 0
  },
  {
    "id": "bbf8b1ff-0dc0-498f-9698-2ab60a9a5e12",
    "data": [
      {
        "text": "amazing",
        "userDefined": false
      }
    ],
    "isTemplate": false,
    "count": 0
  },
  {
    "id": "7a157ac9-6c8e-49fe-8ac4-8dcf9352d795",
    "data": [
      {
        "text": "awesome",
        "userDefined": false
      }
    ],
    "isTemplate": false,
    "count": 0
  },
  {
    "id": "509f619a-6e00-455a-9136-4a793cdb1d76",
    "data": [
      {
        "text": "i m good",
        "userDefined": false
      }
    ],
    "isTemplate": false,
    "count": 0
  },
  {
    "id": "d42080f5-4b94-4b77-92bb-9479b24bea90",
    "data": [
      {
        "text": "good",
        "userDefined": false
      }
    ],
    "isTemplate": false,
    "count": 0
  }
]