[
  {
    "id": "8efc66e3-b136-4283-8816-39e3058a7659",
    "data": [
      {
        "text": "what ",
        "userDefined": false
      },
      {
        "text": "all",
        "meta": "@sys.ignore",
        "userDefined": false
      },
      {
        "text": " concept car displayed at the auto expo ",
        "userDefined": false
      },
      {
        "text": "this year",
        "meta": "@sys.ignore",
        "userDefined": false
      }
    ],
    "isTemplate": false,
    "count": 0
  },
  {
    "id": "af2f93ed-e356-47a4-af9a-978c00aa32b8",
    "data": [
      {
        "text": "i want to know about ",
        "userDefined": false
      },
      {
        "text": "ae1",
        "alias": "concept_car",
        "meta": "@concept_car",
        "userDefined": true
      }
    ],
    "isTemplate": false,
    "count": 0
  },
  {
    "id": "d87fb56f-c8da-48b2-a7e8-39feddf7b78e",
    "data": [
      {
        "text": "what ",
        "userDefined": false
      },
      {
        "text": "all",
        "meta": "@sys.ignore",
        "userDefined": false
      },
      {
        "text": " concept cars are displayed at the auto expo ",
        "userDefined": false
      },
      {
        "text": "this year",
        "meta": "@sys.ignore",
        "userDefined": false
      }
    ],
    "isTemplate": false,
    "count": 0
  },
  {
    "id": "1271dcf8-da8b-4437-9266-1b0c16aec6c2",
    "data": [
      {
        "text": "i want to know about the concept cars",
        "userDefined": false
      }
    ],
    "isTemplate": false,
    "count": 0
  },
  {
    "id": "da5df1de-089a-45b1-9c9a-668f4dc5d03a",
    "data": [
      {
        "text": "tell me about concept car ",
        "userDefined": false
      },
      {
        "text": "ae1",
        "alias": "concept_car",
        "meta": "@concept_car",
        "userDefined": true
      }
    ],
    "isTemplate": false,
    "count": 0
  },
  {
    "id": "e702e510-8226-474e-a8e2-7e7d327ed8ee",
    "data": [
      {
        "text": "can you tell me about the new Concept Cars being displayed at the Auto Expo?",
        "userDefined": false
      }
    ],
    "isTemplate": false,
    "count": 0
  }
]