[
  {
    "id": "33d3fac1-3e1a-4d9f-80ff-9099ddd8f0ff",
    "data": [
      {
        "text": "holla",
        "userDefined": false
      }
    ],
    "isTemplate": false,
    "count": 0
  },
  {
    "id": "059db1bd-e97d-46ab-8daf-86e9214e327a",
    "data": [
      {
        "text": "hey",
        "userDefined": false
      }
    ],
    "isTemplate": false,
    "count": 0
  },
  {
    "id": "84a2faa9-3109-49aa-ad17-3183bd582731",
    "data": [
      {
        "text": "hello",
        "userDefined": false
      }
    ],
    "isTemplate": false,
    "count": 0
  },
  {
    "id": "31a2635d-d3b5-44e1-bb33-d9984d7cf9f8",
    "data": [
      {
        "text": "hi",
        "userDefined": false
      }
    ],
    "isTemplate": false,
    "count": 0
  }
]