[
  {
    "id": "52def1da-c317-4389-829e-bc4e04d399db",
    "data": [
      {
        "text": "What is ",
        "userDefined": false
      },
      {
        "text": "todays",
        "alias": "date",
        "meta": "@sys.date",
        "userDefined": false
      },
      {
        "text": " schedule?",
        "userDefined": false
      }
    ],
    "isTemplate": false,
    "count": 0
  },
  {
    "id": "56cce0be-1629-4eac-82aa-a2a098dd031a",
    "data": [
      {
        "text": "What are the events planned for ",
        "userDefined": false
      },
      {
        "text": "today",
        "alias": "date",
        "meta": "@sys.date",
        "userDefined": false
      }
    ],
    "isTemplate": false,
    "count": 0
  },
  {
    "id": "d3a9511c-4409-45b1-a9bd-47a7227980f1",
    "data": [
      {
        "text": "What is the main event of this expo?",
        "userDefined": false
      }
    ],
    "isTemplate": false,
    "count": 0
  },
  {
    "id": "ba15d105-ad71-4680-98e6-9fa93c98be9d",
    "data": [
      {
        "text": "What are the events of this expo?",
        "userDefined": false
      }
    ],
    "isTemplate": false,
    "count": 0
  },
  {
    "id": "f78b0987-fed2-435e-bbe5-76d095da3b36",
    "data": [
      {
        "text": "I want to know about expo events",
        "userDefined": false
      }
    ],
    "isTemplate": false,
    "count": 0
  }
]