[
  {
    "id": "df0ef4d9-d9fe-4613-9cb2-372b09a5378d",
    "data": [
      {
        "text": "How many events are there in the autoexpo",
        "userDefined": false
      }
    ],
    "isTemplate": false,
    "count": 0
  },
  {
    "id": "965051cb-05b4-474e-8a37-127e4d0dfecf",
    "data": [
      {
        "text": "What are the events of this auto expo",
        "userDefined": false
      }
    ],
    "isTemplate": false,
    "count": 0
  },
  {
    "id": "ce0556de-f340-4aed-8506-1e87efd6bbe2",
    "data": [
      {
        "text": "What are the events scheduled for ",
        "userDefined": false
      },
      {
        "text": "today",
        "alias": "date",
        "meta": "@sys.date",
        "userDefined": false
      }
    ],
    "isTemplate": false,
    "count": 0
  },
  {
    "id": "1c23f1fd-4434-4a4e-a60e-26897e23421a",
    "data": [
      {
        "text": "What are the main events of this expo",
        "userDefined": false
      }
    ],
    "isTemplate": false,
    "count": 0
  }
]