[
  {
    "id": "47b6ef61-7d7e-4c7f-baf8-76f8ca47352f",
    "data": [
      {
        "text": "where is the expo taking place?",
        "userDefined": false
      }
    ],
    "isTemplate": false,
    "count": 0
  },
  {
    "id": "4bf07d47-a5e5-4365-87ef-62fe3df48389",
    "data": [
      {
        "text": "how to reach there",
        "userDefined": false
      }
    ],
    "isTemplate": false,
    "count": 0,
    "updated": 1513682073
  },
  {
    "id": "fe3f4d8d-cc4c-49f9-a659-342bd7c1c8f1",
    "data": [
      {
        "text": "can you take me there?",
        "userDefined": false
      }
    ],
    "isTemplate": false,
    "count": 0,
    "updated": 1513682073
  },
  {
    "id": "601efac8-c531-4880-a8cb-e1f238af9809",
    "data": [
      {
        "text": "take me to the expo",
        "userDefined": false
      }
    ],
    "isTemplate": false,
    "count": 0,
    "updated": 1513682073
  },
  {
    "id": "1a6348b5-c371-4b19-b8c8-feaf1dfe9005",
    "data": [
      {
        "text": "how can i reach the expo?",
        "userDefined": false
      }
    ],
    "isTemplate": false,
    "count": 0,
    "updated": 1513682073
  },
  {
    "id": "d84bf938-f145-41f6-b99c-672f380e66c4",
    "data": [
      {
        "text": "give me the directions of the expo",
        "userDefined": false
      }
    ],
    "isTemplate": false,
    "count": 0,
    "updated": 1513682073
  },
  {
    "id": "c8b4b7b5-49f7-4010-8128-d6b49fa33f35",
    "data": [
      {
        "text": "Can you navigate me to the auto expo?",
        "userDefined": false
      }
    ],
    "isTemplate": false,
    "count": 0,
    "updated": 1513682073
  }
]