[
  {
    "id": "0491df8b-da0d-4ffa-bb6d-08cccc5d2f02",
    "data": [
      {
        "text": "I know the directions.",
        "userDefined": false
      }
    ],
    "isTemplate": false,
    "count": 0,
    "updated": 1513680829
  },
  {
    "id": "40baae79-bb95-441f-b42b-9bd48a1fad23",
    "data": [
      {
        "text": "Never mind.",
        "userDefined": false
      }
    ],
    "isTemplate": false,
    "count": 0,
    "updated": 1513680829
  },
  {
    "id": "8aa3f44d-e748-4969-b934-2f9ec37357c1",
    "data": [
      {
        "text": "No I\u0027m fine",
        "userDefined": false
      }
    ],
    "isTemplate": false,
    "count": 0,
    "updated": 1513680829
  },
  {
    "id": "89acf1a4-17d8-44c2-b108-8528bff7707b",
    "data": [
      {
        "text": "I dont want to go",
        "userDefined": false
      }
    ],
    "isTemplate": false,
    "count": 0,
    "updated": 1513680829
  },
  {
    "id": "5a3c37b4-aa44-42b1-9fea-fee392adce0c",
    "data": [
      {
        "text": "No",
        "userDefined": false
      }
    ],
    "isTemplate": false,
    "count": 0,
    "updated": 1513680829
  }
]