[
  {
    "id": "3114b467-23f2-408d-85b1-4c5729955da0",
    "data": [
      {
        "text": "That would be great",
        "userDefined": false
      }
    ],
    "isTemplate": false,
    "count": 0,
    "updated": 1513680473
  },
  {
    "id": "7a7a2e17-bad9-44d6-8dfa-4afd99725fee",
    "data": [
      {
        "text": "Yeah Sure",
        "userDefined": false
      }
    ],
    "isTemplate": false,
    "count": 0,
    "updated": 1513680473
  },
  {
    "id": "34a3e226-d6d9-4e28-879d-f236b9a55c09",
    "data": [
      {
        "text": "Definitely",
        "userDefined": false
      }
    ],
    "isTemplate": false,
    "count": 0,
    "updated": 1513680473
  },
  {
    "id": "9a792774-10dd-4a58-99bd-e4361f03a046",
    "data": [
      {
        "text": "Why Not?",
        "userDefined": false
      }
    ],
    "isTemplate": false,
    "count": 0,
    "updated": 1513680473
  },
  {
    "id": "992f0919-edb3-4661-a96c-02feb2324dfa",
    "data": [
      {
        "text": "Yes",
        "userDefined": false
      }
    ],
    "isTemplate": false,
    "count": 0,
    "updated": 1513680473
  },
  {
    "id": "8913e59d-9eba-4cd2-8b90-b1520ec1fcb7",
    "data": [
      {
        "text": "Sure",
        "userDefined": false
      }
    ],
    "isTemplate": false,
    "count": 0,
    "updated": 1513680473
  }
]