[
  {
    "id": "faf1fcc5-80b4-4ac6-9a6b-9c71ebba7df1",
    "data": [
      {
        "text": "Can you help me on some information on this auto expo",
        "userDefined": false
      }
    ],
    "isTemplate": false,
    "count": 0
  },
  {
    "id": "5689b36f-d5bf-413e-9517-8a0f0fc4dff4",
    "data": [
      {
        "text": "I want info on this auto expo",
        "userDefined": false
      }
    ],
    "isTemplate": false,
    "count": 0
  },
  {
    "id": "1e461e9f-e754-4890-94f9-cd9a2e51edde",
    "data": [
      {
        "text": "I want to know about the expo",
        "userDefined": false
      }
    ],
    "isTemplate": false,
    "count": 0
  },
  {
    "id": "4f09908a-da36-4d47-9520-ca703b51facc",
    "data": [
      {
        "text": "Can you tell me about the expo",
        "userDefined": false
      }
    ],
    "isTemplate": false,
    "count": 0
  },
  {
    "id": "f6426e38-3b11-4ea6-819a-4693a1a372ae",
    "data": [
      {
        "text": "Tell me about auto expo",
        "userDefined": false
      }
    ],
    "isTemplate": false,
    "count": 0
  },
  {
    "id": "699e10f0-8a74-438e-9738-c99320fd6e67",
    "data": [
      {
        "text": "Hi i want to know more about this expo",
        "userDefined": false
      }
    ],
    "isTemplate": false,
    "count": 0
  }
]