[
  {
    "id": "d1625722-8f2b-4c23-987c-d150c168f7e9",
    "data": [
      {
        "text": "can you tell me the venue of the Expo",
        "userDefined": false
      }
    ],
    "isTemplate": false,
    "count": 0
  },
  {
    "id": "def1462e-23de-4251-966d-3217cb153b5b",
    "data": [
      {
        "text": "place where the expo is happening",
        "userDefined": false
      }
    ],
    "isTemplate": false,
    "count": 0
  },
  {
    "id": "95984d74-7929-4446-ba0c-370ca1da7230",
    "data": [
      {
        "text": "On what location is the auto expo happening?",
        "userDefined": false
      }
    ],
    "isTemplate": false,
    "count": 0,
    "updated": 1513680364
  },
  {
    "id": "41962900-728d-40f5-b117-fed30df269f3",
    "data": [
      {
        "text": "What is the venue for the auto expo",
        "userDefined": false
      }
    ],
    "isTemplate": false,
    "count": 0,
    "updated": 1513680364
  },
  {
    "id": "3f26bb68-8329-42e7-90d2-f45be3af40ab",
    "data": [
      {
        "text": "What is the location of the expo?",
        "userDefined": false
      }
    ],
    "isTemplate": false,
    "count": 0,
    "updated": 1513680364
  },
  {
    "id": "2577299d-de99-474b-924e-3a54d14aa287",
    "data": [
      {
        "text": "Where do we have the expo?",
        "userDefined": false
      }
    ],
    "isTemplate": false,
    "count": 0,
    "updated": 1513680364
  },
  {
    "id": "adb07274-c88b-4e0d-b68a-b41441fe568b",
    "data": [
      {
        "text": "Where is the auto expo ",
        "userDefined": false
      },
      {
        "text": "this year",
        "alias": "date-period",
        "meta": "@sys.date-period",
        "userDefined": false
      },
      {
        "text": "?",
        "userDefined": false
      }
    ],
    "isTemplate": false,
    "count": 0,
    "updated": 1513680364
  }
]