[
  {
    "id": "418a321d-3721-4fa1-a30b-6beaba1c2025",
    "data": [
      {
        "text": "Where can i get the expo tickets",
        "userDefined": false
      }
    ],
    "isTemplate": false,
    "count": 0,
    "updated": 1513685869
  },
  {
    "id": "60749bc9-1dd6-4a81-9b6b-b0c7551a2d9c",
    "data": [
      {
        "text": "How much does the auto expo ticket cost",
        "userDefined": false
      }
    ],
    "isTemplate": false,
    "count": 0,
    "updated": 1513685869
  },
  {
    "id": "6982c25a-37b4-47ba-b417-f77537990d88",
    "data": [
      {
        "text": "how can i buy tickets",
        "userDefined": false
      }
    ],
    "isTemplate": false,
    "count": 0,
    "updated": 1513685869
  },
  {
    "id": "89c9d4d2-638b-43da-8b7f-ff876994d9fc",
    "data": [
      {
        "text": "I want to book tickets for the expo",
        "userDefined": false
      }
    ],
    "isTemplate": false,
    "count": 0,
    "updated": 1513685869
  }
]