[
  {
    "id": "e5d76f00-6cb6-4a14-9543-87dfddeccc18",
    "data": [
      {
        "text": "Yup",
        "userDefined": false
      }
    ],
    "isTemplate": false,
    "count": 0,
    "updated": 1513684334
  },
  {
    "id": "bb6324c4-dedc-40f1-b535-abff4d9ead85",
    "data": [
      {
        "text": "Yeah",
        "userDefined": false
      }
    ],
    "isTemplate": false,
    "count": 0,
    "updated": 1513684334
  },
  {
    "id": "ed467e8d-6419-442e-b17e-6e2f04dd3960",
    "data": [
      {
        "text": "Why not",
        "userDefined": false
      }
    ],
    "isTemplate": false,
    "count": 0,
    "updated": 1513684334
  },
  {
    "id": "3123a870-844d-452e-b64a-4ebeaa9addc8",
    "data": [
      {
        "text": "Definitely",
        "userDefined": false
      }
    ],
    "isTemplate": false,
    "count": 0,
    "updated": 1513684334
  },
  {
    "id": "7acabe3b-cf5d-4683-b9b7-d07a936dd36c",
    "data": [
      {
        "text": "Yes",
        "userDefined": false
      }
    ],
    "isTemplate": false,
    "count": 0,
    "updated": 1513684334
  },
  {
    "id": "68ea723c-df6c-4e82-9b70-e18b5d6a96ec",
    "data": [
      {
        "text": "Sure",
        "userDefined": false
      }
    ],
    "isTemplate": false,
    "count": 0,
    "updated": 1513684334
  }
]