[
  {
    "id": "94a437ad-6d48-4fe1-8549-7b9b9229ea57",
    "data": [
      {
        "text": "What were the highlights of the day?",
        "userDefined": false
      }
    ],
    "isTemplate": false,
    "count": 0,
    "updated": 1513677732
  },
  {
    "id": "c2afded5-2a3a-448d-bd39-eab557295903",
    "data": [
      {
        "text": "What are the updates from the expo?",
        "userDefined": false
      }
    ],
    "isTemplate": false,
    "count": 0,
    "updated": 1513677732
  },
  {
    "id": "78e05498-c8e5-459c-b1cc-f6a9ada7d9cd",
    "data": [
      {
        "text": "What happened at the expo so far?",
        "userDefined": false
      }
    ],
    "isTemplate": false,
    "count": 0,
    "updated": 1513677732
  },
  {
    "id": "6a33c354-03ea-4662-9b33-bd19bc8a8243",
    "data": [
      {
        "text": "Can you show the recap of ",
        "userDefined": false
      },
      {
        "text": "yesterday",
        "alias": "date",
        "meta": "@sys.date",
        "userDefined": false
      },
      {
        "text": "?",
        "userDefined": false
      }
    ],
    "isTemplate": false,
    "count": 0,
    "updated": 1513677732
  }
]