[
  {
    "id": "7a0f4471-32bf-4be3-9474-06a2dca42f49",
    "data": [
      {
        "text": "Can you tell me the date of the auto expo?",
        "userDefined": false
      }
    ],
    "isTemplate": false,
    "count": 0
  },
  {
    "id": "80774c11-41b7-4906-9635-fbef2c563aad",
    "data": [
      {
        "text": "What are the dates for auto expo",
        "userDefined": false
      }
    ],
    "isTemplate": false,
    "count": 0,
    "updated": 1513670138
  },
  {
    "id": "c1176cae-63f9-424f-a2db-5659546d9ee4",
    "data": [
      {
        "text": "Do we have an expo?",
        "userDefined": false
      }
    ],
    "isTemplate": false,
    "count": 0,
    "updated": 1513670138
  },
  {
    "id": "8a5da7a8-63dc-41b1-a88b-e29c9548a5ad",
    "data": [
      {
        "text": "Do we have the autoexpo ",
        "userDefined": false
      },
      {
        "text": "this year",
        "alias": "date-period",
        "meta": "@sys.date-period",
        "userDefined": false
      }
    ],
    "isTemplate": false,
    "count": 0,
    "updated": 1513670138
  },
  {
    "id": "0727e1a1-71b1-423f-9f9f-2a1e65372c73",
    "data": [
      {
        "text": "When is the autoexpo ",
        "userDefined": false
      },
      {
        "text": "this year",
        "alias": "date-period",
        "meta": "@sys.date-period",
        "userDefined": false
      },
      {
        "text": "?",
        "userDefined": false
      }
    ],
    "isTemplate": false,
    "count": 0,
    "updated": 1513670138
  },
  {
    "id": "00853972-0f85-4d59-a60b-60868c08ec43",
    "data": [
      {
        "text": "On what date is the expo",
        "userDefined": false
      }
    ],
    "isTemplate": false,
    "count": 0,
    "updated": 1513670138
  },
  {
    "id": "65da7fb9-a64a-4a53-b1d0-ca8e03c5f017",
    "data": [
      {
        "text": "When is the expo?",
        "userDefined": false
      }
    ],
    "isTemplate": false,
    "count": 0,
    "updated": 1513670138
  },
  {
    "id": "01f6880b-f05b-4b0c-9732-59f3b818a29c",
    "data": [
      {
        "text": "What are the timings of the expo",
        "userDefined": false
      }
    ],
    "isTemplate": false,
    "count": 0,
    "updated": 1513670138
  },
  {
    "id": "db1b492b-6141-43c1-af8f-2702de939097",
    "data": [
      {
        "text": "When is the expo ",
        "userDefined": false
      },
      {
        "text": "2018",
        "alias": "number",
        "meta": "@sys.number",
        "userDefined": false
      },
      {
        "text": " happening?",
        "userDefined": false
      }
    ],
    "isTemplate": false,
    "count": 0,
    "updated": 1513670138
  }
]