[
  {
    "id": "d0456a3c-3e0c-4720-abf8-f7feef109b4d",
    "data": [
      {
        "text": "what are the dishes served",
        "userDefined": false
      }
    ],
    "isTemplate": false,
    "count": 0,
    "updated": 1513419322
  },
  {
    "id": "85ff9461-187c-4c4b-8d14-5d67feceab9f",
    "data": [
      {
        "text": "food court in the expo",
        "userDefined": false
      }
    ],
    "isTemplate": false,
    "count": 0,
    "updated": 1513419322
  },
  {
    "id": "a721707d-296c-4276-ac16-dba07282c53d",
    "data": [
      {
        "text": "food in the expo",
        "userDefined": false
      }
    ],
    "isTemplate": false,
    "count": 0,
    "updated": 1513419322
  },
  {
    "id": "93243ecc-edad-4fe6-9fff-a17302e8be8d",
    "data": [
      {
        "text": "food",
        "userDefined": false
      }
    ],
    "isTemplate": false,
    "count": 0,
    "updated": 1513419322
  }
]