[
  {
    "id": "05026eda-ec47-42a2-96ed-6b8936c65b9e",
    "data": [
      {
        "text": "i give up",
        "userDefined": false
      }
    ],
    "isTemplate": false,
    "count": 0,
    "updated": 0
  },
  {
    "id": "d48da284-7931-41a4-9b11-0a64a5c88c95",
    "data": [
      {
        "text": "i dont know",
        "userDefined": false
      }
    ],
    "isTemplate": false,
    "count": 0,
    "updated": 0
  },
  {
    "id": "981d8432-2753-4e73-9c2f-5312c17b289b",
    "data": [
      {
        "text": "pass",
        "userDefined": false
      }
    ],
    "isTemplate": false,
    "count": 1,
    "updated": 0
  },
  {
    "id": "6c8ebea8-a91b-40b6-9f41-9350a97797cb",
    "data": [
      {
        "text": "next",
        "userDefined": false
      }
    ],
    "isTemplate": false,
    "count": 0,
    "updated": 0
  },
  {
    "id": "a689edfc-4962-4a66-a951-0adcec448586",
    "data": [
      {
        "text": "go on",
        "userDefined": false
      }
    ],
    "isTemplate": false,
    "count": 0,
    "updated": 0
  },
  {
    "id": "978ead86-3928-4e99-b7a8-495dfcf87961",
    "data": [
      {
        "text": "give me another",
        "userDefined": false
      }
    ],
    "isTemplate": false,
    "count": 0,
    "updated": 0
  },
  {
    "id": "060943a3-280f-415b-b27d-a15c7a2c7772",
    "data": [
      {
        "text": "dunno",
        "userDefined": false
      }
    ],
    "isTemplate": false,
    "count": 0,
    "updated": 0
  },
  {
    "id": "739872c8-7360-4f31-b857-c0637c831495",
    "data": [
      {
        "text": "i don\u0027t know that one",
        "userDefined": false
      }
    ],
    "isTemplate": false,
    "count": 0,
    "updated": 0
  },
  {
    "id": "1ea246ae-e5f5-4891-a9c3-ff8a96d97de4",
    "data": [
      {
        "text": "i don\u0027t know this question",
        "userDefined": false
      }
    ],
    "isTemplate": false,
    "count": 0,
    "updated": 0
  },
  {
    "id": "540b288a-3ff4-452e-8b5f-40adea6e679c",
    "data": [
      {
        "text": "who knows",
        "userDefined": false
      }
    ],
    "isTemplate": false,
    "count": 0,
    "updated": 0
  },
  {
    "id": "41981f8b-e92f-40f3-9080-a50702e55f0d",
    "data": [
      {
        "text": "i don\u0027t know that",
        "userDefined": false
      }
    ],
    "isTemplate": false,
    "count": 0,
    "updated": 0
  },
  {
    "id": "f3008aee-750b-4e8d-94c2-e9b64079ba95",
    "data": [
      {
        "text": "skip this",
        "userDefined": false
      }
    ],
    "isTemplate": false,
    "count": 0,
    "updated": 0
  },
  {
    "id": "dc3dd224-3a32-4e95-ae27-6ff8aa30a237",
    "data": [
      {
        "text": "skip this one",
        "userDefined": false
      }
    ],
    "isTemplate": false,
    "count": 0,
    "updated": 0
  },
  {
    "id": "0e74d059-0e42-4441-a5ec-060f1f239e5f",
    "data": [
      {
        "text": "skip",
        "userDefined": false
      }
    ],
    "isTemplate": false,
    "count": 1,
    "updated": 0
  },
  {
    "id": "a7b91653-b382-473f-b53e-2562dc4e0966",
    "data": [
      {
        "text": "not sure",
        "userDefined": false
      }
    ],
    "isTemplate": false,
    "count": 1,
    "updated": 0
  },
  {
    "id": "dc080497-a09a-4c3e-869d-9dccbd24b9c6",
    "data": [
      {
        "text": "dont know",
        "userDefined": false
      }
    ],
    "isTemplate": false,
    "count": 0,
    "updated": 0
  },
  {
    "id": "81209398-d189-4fb2-92a7-3ba2b4ac4d42",
    "data": [
      {
        "text": "I do not know",
        "userDefined": false
      }
    ],
    "isTemplate": false,
    "count": 0,
    "updated": 0
  },
  {
    "id": "4c45eb26-b694-4f2f-87cf-c0c4d7728f2f",
    "data": [
      {
        "text": "next question",
        "userDefined": false
      }
    ],
    "isTemplate": false,
    "count": 0,
    "updated": 0
  },
  {
    "id": "b856fe3f-b372-43ba-ba7d-90850bf55f9f",
    "data": [
      {
        "text": "I don\u0027t know the answer",
        "userDefined": false
      }
    ],
    "isTemplate": false,
    "count": 0,
    "updated": 0
  },
  {
    "id": "3440dd9b-6345-480c-82a6-38301c94a3ee",
    "data": [
      {
        "text": "I can\u0027t answer that",
        "userDefined": false
      }
    ],
    "isTemplate": false,
    "count": 0,
    "updated": 0
  },
  {
    "id": "ea84f244-f459-47ea-a896-aaf2b9dba19f",
    "data": [
      {
        "text": "I\u0027m not sure",
        "userDefined": false
      }
    ],
    "isTemplate": false,
    "count": 0,
    "updated": 0
  },
  {
    "id": "3b009b1c-28ff-4521-9422-01fc2095cb37",
    "data": [
      {
        "text": "i have no idea",
        "userDefined": false
      }
    ],
    "isTemplate": false,
    "count": 0,
    "updated": 0
  },
  {
    "id": "7350a551-5840-4910-b1d8-bbaa0a216af5",
    "data": [
      {
        "text": "don\u0027t know",
        "userDefined": false
      }
    ],
    "isTemplate": false,
    "count": 0,
    "updated": 0
  },
  {
    "id": "19e1bdca-4ed5-45f8-b9b8-27e238a198ff",
    "data": [
      {
        "text": "i don\u0027t know",
        "userDefined": false
      }
    ],
    "isTemplate": false,
    "count": 0,
    "updated": 0
  }
]