[
  {
    "id": "5f89634c-be9d-470f-b27b-bc3c637dfd4e",
    "data": [
      {
        "text": "go away",
        "userDefined": false
      }
    ],
    "isTemplate": false,
    "count": 0,
    "updated": 0
  },
  {
    "id": "bd37cc4a-0443-4a3c-871b-376251bec3dc",
    "data": [
      {
        "text": "end game",
        "userDefined": false
      }
    ],
    "isTemplate": false,
    "count": 0,
    "updated": 0
  },
  {
    "id": "5f4aab56-b92d-481e-bf83-50e1efa60c23",
    "data": [
      {
        "text": "stop game",
        "userDefined": false
      }
    ],
    "isTemplate": false,
    "count": 0,
    "updated": 0
  },
  {
    "id": "e71d1fb1-e890-4cb1-8dca-be6c593daafe",
    "data": [
      {
        "text": "turn off",
        "userDefined": false
      }
    ],
    "isTemplate": false,
    "count": 0,
    "updated": 0
  },
  {
    "id": "5a7453e2-4903-44fd-8fc3-b201c6dd4dae",
    "data": [
      {
        "text": "terminate",
        "userDefined": false
      }
    ],
    "isTemplate": false,
    "count": 0,
    "updated": 0
  },
  {
    "id": "39d8755d-08bb-4e9b-b388-45b434ea6ee9",
    "data": [
      {
        "text": "shut up",
        "userDefined": false
      }
    ],
    "isTemplate": false,
    "count": 0,
    "updated": 0
  },
  {
    "id": "0879b2dd-a2ee-41ea-ac18-4b03382c6b5e",
    "data": [
      {
        "text": "quit",
        "userDefined": false
      }
    ],
    "isTemplate": false,
    "count": 0,
    "updated": 0
  },
  {
    "id": "5b1cc612-ce37-4002-8c89-e8658e5871a5",
    "data": [
      {
        "text": "kill",
        "userDefined": false
      }
    ],
    "isTemplate": false,
    "count": 0,
    "updated": 0
  },
  {
    "id": "ed3f3b7b-9c37-4d9b-8ed0-e459405fee4e",
    "data": [
      {
        "text": "finish",
        "userDefined": false
      }
    ],
    "isTemplate": false,
    "count": 0,
    "updated": 0
  },
  {
    "id": "0186674f-0d2a-46b8-bba9-c1db04273e41",
    "data": [
      {
        "text": "exit",
        "userDefined": false
      }
    ],
    "isTemplate": false,
    "count": 0,
    "updated": 0
  },
  {
    "id": "79578e75-797b-48b1-ba97-7cbff96492f4",
    "data": [
      {
        "text": "I have to go",
        "userDefined": false
      }
    ],
    "isTemplate": false,
    "count": 0,
    "updated": 0
  },
  {
    "id": "9b7c0dfa-ff59-46c9-99ad-c015680e45f8",
    "data": [
      {
        "text": "Let\u0027s talk later",
        "userDefined": false
      }
    ],
    "isTemplate": false,
    "count": 0,
    "updated": 0
  },
  {
    "id": "77c58b6f-9543-4df6-aee0-c578ccb7560c",
    "data": [
      {
        "text": "Ok, thanks.",
        "userDefined": false
      }
    ],
    "isTemplate": false,
    "count": 0,
    "updated": 0
  },
  {
    "id": "09f0c252-678f-49d8-8f26-4f4c48f604e1",
    "data": [
      {
        "text": "I\u0027m done",
        "userDefined": false
      }
    ],
    "isTemplate": false,
    "count": 0,
    "updated": 0
  },
  {
    "id": "c0382053-3420-4f37-a24f-96442767eb08",
    "data": [
      {
        "text": "close",
        "userDefined": false
      }
    ],
    "isTemplate": false,
    "count": 0,
    "updated": 0
  },
  {
    "id": "6d9d7e36-a0f0-4f7c-a7c7-a125ca2ce0d5",
    "data": [
      {
        "text": "let\u0027s stop here",
        "userDefined": false
      }
    ],
    "isTemplate": false,
    "count": 0,
    "updated": 0
  },
  {
    "id": "5594e3ef-1726-43f4-b2a8-16f9c6eaf7da",
    "data": [
      {
        "text": "cancel",
        "userDefined": false
      }
    ],
    "isTemplate": false,
    "count": 1,
    "updated": 0
  },
  {
    "id": "2d31031b-b9cd-4f63-9ac7-438f881c7d75",
    "data": [
      {
        "text": "game over",
        "userDefined": false
      }
    ],
    "isTemplate": false,
    "count": 0,
    "updated": 0
  },
  {
    "id": "88afa9f6-75a7-4f9e-9aad-f79d1c0db5cd",
    "data": [
      {
        "text": "i don\u0027t want to play anymore",
        "userDefined": false
      }
    ],
    "isTemplate": false,
    "count": 0,
    "updated": 0
  },
  {
    "id": "d3452af2-8218-45a4-8bcf-d4436a47903a",
    "data": [
      {
        "text": "end",
        "userDefined": false
      }
    ],
    "isTemplate": false,
    "count": 0,
    "updated": 0
  },
  {
    "id": "f03194e8-9f4f-430e-a91b-035d300ce448",
    "data": [
      {
        "text": "stop this game",
        "userDefined": false
      }
    ],
    "isTemplate": false,
    "count": 0,
    "updated": 0
  },
  {
    "id": "429e409e-94c6-45ae-9f8c-ed7e8b54f32c",
    "data": [
      {
        "text": "bye",
        "userDefined": false
      }
    ],
    "isTemplate": false,
    "count": 0,
    "updated": 0
  },
  {
    "id": "a866c842-fff7-4387-9c62-7539355dda49",
    "data": [
      {
        "text": "good bye",
        "userDefined": false
      }
    ],
    "isTemplate": false,
    "count": 0,
    "updated": 0
  },
  {
    "id": "b076241a-1792-4c00-95d5-6b374162fd26",
    "data": [
      {
        "text": "I quit",
        "userDefined": false
      }
    ],
    "isTemplate": false,
    "count": 0,
    "updated": 0
  },
  {
    "id": "038a7446-f7c5-41e1-9366-d7c23322e8a0",
    "data": [
      {
        "text": "stop",
        "userDefined": false
      }
    ],
    "isTemplate": false,
    "count": 1,
    "updated": 0
  }
]