[
  {
    "id": "e9eb2758-1b29-40c2-89d0-9b0666283c01",
    "data": [
      {
        "text": "what to say?",
        "userDefined": false
      }
    ],
    "isTemplate": false,
    "count": 0,
    "updated": 0
  },
  {
    "id": "20e0cf02-de8f-4027-9b59-14a2bd7f1d0f",
    "data": [
      {
        "text": "what can i say?",
        "userDefined": false
      }
    ],
    "isTemplate": false,
    "count": 0,
    "updated": 0
  },
  {
    "id": "d29c3ea5-b0c0-45b3-b16f-8d1423e2b5cd",
    "data": [
      {
        "text": "what do i do?",
        "userDefined": false
      }
    ],
    "isTemplate": false,
    "count": 0,
    "updated": 0
  },
  {
    "id": "45d75840-11cc-4be8-975d-869d390e1f9d",
    "data": [
      {
        "text": "what can i do?",
        "userDefined": false
      }
    ],
    "isTemplate": false,
    "count": 0,
    "updated": 0
  },
  {
    "id": "a7e986d0-fa5b-438b-8fbe-fc60e6956f9a",
    "data": [
      {
        "text": "give me some help",
        "userDefined": false
      }
    ],
    "isTemplate": false,
    "count": 0,
    "updated": 0
  },
  {
    "id": "7f3bf327-2165-425a-bc8c-9a79cd3320c4",
    "data": [
      {
        "text": "how should I answer the question?",
        "userDefined": false
      }
    ],
    "isTemplate": false,
    "count": 0,
    "updated": 0
  },
  {
    "id": "f7cd4784-1721-457d-a350-82a773eeb9f9",
    "data": [
      {
        "text": "what is this game?",
        "userDefined": false
      }
    ],
    "isTemplate": false,
    "count": 0,
    "updated": 0
  },
  {
    "id": "4ceb6ad2-7fa9-435c-9938-8d26d637ef23",
    "data": [
      {
        "text": "how does this game work?",
        "userDefined": false
      }
    ],
    "isTemplate": false,
    "count": 0,
    "updated": 0
  },
  {
    "id": "ab1641a1-8a14-4054-8f78-0a372fc146e4",
    "data": [
      {
        "text": "how do I answer the question?",
        "userDefined": false
      }
    ],
    "isTemplate": false,
    "count": 0,
    "updated": 0
  },
  {
    "id": "f6cf7695-bb4d-46f4-b58a-29665c8e27d8",
    "data": [
      {
        "text": "what to do?",
        "userDefined": false
      }
    ],
    "isTemplate": false,
    "count": 0,
    "updated": 0
  },
  {
    "id": "c3d690cd-4a29-4dd7-9721-0b7da431be8b",
    "data": [
      {
        "text": "what do I say?",
        "userDefined": false
      }
    ],
    "isTemplate": false,
    "count": 0,
    "updated": 0
  },
  {
    "id": "b9921f70-d061-4069-b649-8fc7b2ba2a83",
    "data": [
      {
        "text": "what should I do?",
        "userDefined": false
      }
    ],
    "isTemplate": false,
    "count": 1,
    "updated": 0
  },
  {
    "id": "8f782782-dc56-476d-8075-5a901c958187",
    "data": [
      {
        "text": "i don\u0027t know how to play this game",
        "userDefined": false
      }
    ],
    "isTemplate": false,
    "count": 1,
    "updated": 0
  },
  {
    "id": "2897352a-bf2a-4b3f-95db-931d651e906c",
    "data": [
      {
        "text": "how do i play?",
        "userDefined": false
      }
    ],
    "isTemplate": false,
    "count": 0,
    "updated": 0
  },
  {
    "id": "775d9050-ecf9-4ebd-af7a-5c0f4a47d92e",
    "data": [
      {
        "text": "how do i play this game?",
        "userDefined": false
      }
    ],
    "isTemplate": false,
    "count": 0,
    "updated": 0
  },
  {
    "id": "4071a676-3fd3-478c-91b2-eae705f6f663",
    "data": [
      {
        "text": "please help me",
        "userDefined": false
      }
    ],
    "isTemplate": false,
    "count": 0,
    "updated": 0
  },
  {
    "id": "d2f98019-f410-4e65-b374-59d4ec8206fd",
    "data": [
      {
        "text": "I need some help",
        "userDefined": false
      }
    ],
    "isTemplate": false,
    "count": 0,
    "updated": 0
  },
  {
    "id": "ae8edad6-b9f9-4f20-bc1e-a75df46e0c35",
    "data": [
      {
        "text": "can you help me?",
        "userDefined": false
      }
    ],
    "isTemplate": false,
    "count": 0,
    "updated": 0
  },
  {
    "id": "f25619a3-f066-4f9e-8a47-a4ef90b71db9",
    "data": [
      {
        "text": "i don\u0027t understand",
        "userDefined": false
      }
    ],
    "isTemplate": false,
    "count": 0,
    "updated": 0
  },
  {
    "id": "53bb24ca-41f1-48ca-8c0a-6e4a37487664",
    "data": [
      {
        "text": "help me",
        "userDefined": false
      }
    ],
    "isTemplate": false,
    "count": 0,
    "updated": 0
  },
  {
    "id": "3b36e170-07d4-4034-8a59-436372a85db4",
    "data": [
      {
        "text": "help",
        "userDefined": false
      }
    ],
    "isTemplate": false,
    "count": 0,
    "updated": 0
  }
]