[
  {
    "id": "b1d28c74-88c5-432e-8b0c-9e655fcc1b03",
    "data": [
      {
        "text": "last option",
        "userDefined": false
      }
    ],
    "isTemplate": false,
    "count": 0,
    "updated": 0
  },
  {
    "id": "e7d91017-2d7e-44a9-876a-859a14375931",
    "data": [
      {
        "text": "last ",
        "userDefined": false
      },
      {
        "text": "one",
        "meta": "@sys.ignore",
        "userDefined": false
      }
    ],
    "isTemplate": false,
    "count": 1,
    "updated": 0
  },
  {
    "id": "e39f7a19-af6a-42e8-8bb2-f235ec3c08ff",
    "data": [
      {
        "text": "the last",
        "userDefined": false
      }
    ],
    "isTemplate": false,
    "count": 0,
    "updated": 0
  },
  {
    "id": "b78e8c6d-ee40-4f7a-843f-efa791f15a5a",
    "data": [
      {
        "text": "it must be the last",
        "userDefined": false
      }
    ],
    "isTemplate": false,
    "count": 0,
    "updated": 0
  },
  {
    "id": "25a98e5f-1682-4949-8f14-a4dd7ff76c76",
    "data": [
      {
        "text": "maybe its the last",
        "userDefined": false
      }
    ],
    "isTemplate": false,
    "count": 0,
    "updated": 0
  },
  {
    "id": "aaeb5ea6-9832-4e5a-b04e-ccdc644dfbff",
    "data": [
      {
        "text": "what about the last?",
        "userDefined": false
      }
    ],
    "isTemplate": false,
    "count": 0,
    "updated": 0
  },
  {
    "id": "399587f1-24b7-4564-923b-d2bdab7fc7b1",
    "data": [
      {
        "text": "is it the last?",
        "userDefined": false
      }
    ],
    "isTemplate": false,
    "count": 0,
    "updated": 0
  },
  {
    "id": "6c04e638-03ee-421a-8f59-3178373cb9b2",
    "data": [
      {
        "text": "could it be the last?",
        "userDefined": false
      }
    ],
    "isTemplate": false,
    "count": 0,
    "updated": 0
  },
  {
    "id": "de1cfc9a-7ca6-47eb-af7b-0f2e7e13705a",
    "data": [
      {
        "text": "its the last",
        "userDefined": false
      }
    ],
    "isTemplate": false,
    "count": 0,
    "updated": 0
  },
  {
    "id": "cf4912be-c75f-49c0-a383-c163658a6a2b",
    "data": [
      {
        "text": "it must be the last one",
        "userDefined": false
      }
    ],
    "isTemplate": false,
    "count": 1,
    "updated": 0
  },
  {
    "id": "0a101eac-142a-4a83-9cf4-f54103699a3b",
    "data": [
      {
        "text": "the answer is the last ",
        "userDefined": false
      },
      {
        "text": "one",
        "meta": "@sys.ignore",
        "userDefined": false
      }
    ],
    "isTemplate": false,
    "count": 1,
    "updated": 0
  },
  {
    "id": "8a91f811-82de-4dca-aad2-3023b19e78b8",
    "data": [
      {
        "text": "maybe the last ",
        "userDefined": false
      },
      {
        "text": "one",
        "meta": "@sys.ignore",
        "userDefined": false
      }
    ],
    "isTemplate": false,
    "count": 0,
    "updated": 0
  },
  {
    "id": "e87b7f40-1e4e-40c6-ab7e-1f921abaefa0",
    "data": [
      {
        "text": "it\u0027s the last one",
        "userDefined": false
      }
    ],
    "isTemplate": false,
    "count": 0,
    "updated": 0
  },
  {
    "id": "cdec4f4c-6e32-4693-a1e3-f83bc79b4e5b",
    "data": [
      {
        "text": "last",
        "userDefined": false
      }
    ],
    "isTemplate": false,
    "count": 1,
    "updated": 0
  },
  {
    "id": "abf22c32-6679-446d-bc09-b52bfaa5683e",
    "data": [
      {
        "text": "the last ",
        "userDefined": false
      },
      {
        "text": "one",
        "meta": "@sys.ignore",
        "userDefined": false
      }
    ],
    "isTemplate": false,
    "count": 0,
    "updated": 0
  },
  {
    "id": "6b539fc4-4285-4262-9cd1-cdbde1662937",
    "data": [
      {
        "text": "is it the last ",
        "userDefined": false
      },
      {
        "text": "one?",
        "meta": "@sys.ignore",
        "userDefined": false
      }
    ],
    "isTemplate": false,
    "count": 0,
    "updated": 0
  }
]