[
  {
    "id": "04e8b0f0-90dd-4890-9eb8-1d40b38438ac",
    "data": [
      {
        "text": "is it the middle one?",
        "userDefined": false
      }
    ],
    "isTemplate": false,
    "count": 0,
    "updated": 0
  },
  {
    "id": "fb89711b-e5f3-4c80-9e30-c03db68c643d",
    "data": [
      {
        "text": "middle",
        "userDefined": false
      }
    ],
    "isTemplate": false,
    "count": 1,
    "updated": 0
  },
  {
    "id": "823566d4-d772-4001-b68a-c5a1ec4e6058",
    "data": [
      {
        "text": "maybe the middle one",
        "userDefined": false
      }
    ],
    "isTemplate": false,
    "count": 1,
    "updated": 0
  },
  {
    "id": "31f70a6f-9ddc-4c87-af0a-56dffca61f2d",
    "data": [
      {
        "text": "the answer is the middle one",
        "userDefined": false
      }
    ],
    "isTemplate": false,
    "count": 0,
    "updated": 0
  },
  {
    "id": "9b1aceed-8591-4816-820b-ebd5754bcc04",
    "data": [
      {
        "text": "it must be the middle one",
        "userDefined": false
      }
    ],
    "isTemplate": false,
    "count": 1,
    "updated": 0
  },
  {
    "id": "aa002574-ddeb-4e81-b342-d19c4b7e49ff",
    "data": [
      {
        "text": "could it be the middle?",
        "userDefined": false
      }
    ],
    "isTemplate": false,
    "count": 0,
    "updated": 0
  },
  {
    "id": "2297ce06-a5b5-4e62-82ca-017c3d779d18",
    "data": [
      {
        "text": "is it the middle?",
        "userDefined": false
      }
    ],
    "isTemplate": false,
    "count": 1,
    "updated": 0
  },
  {
    "id": "158f9771-88ee-4bdd-8a25-1c19ee047708",
    "data": [
      {
        "text": "what about the middle?",
        "userDefined": false
      }
    ],
    "isTemplate": false,
    "count": 0,
    "updated": 0
  },
  {
    "id": "a65dae8f-9686-4899-9023-6f5becd288df",
    "data": [
      {
        "text": "maybe its the middle",
        "userDefined": false
      }
    ],
    "isTemplate": false,
    "count": 1,
    "updated": 0
  },
  {
    "id": "c8265385-8940-4ab1-bddc-deb0b82f6979",
    "data": [
      {
        "text": "it must be the middle",
        "userDefined": false
      }
    ],
    "isTemplate": false,
    "count": 0,
    "updated": 0
  },
  {
    "id": "0749409a-a611-47c8-90db-c7283a177f6f",
    "data": [
      {
        "text": "middle option",
        "userDefined": false
      }
    ],
    "isTemplate": false,
    "count": 0,
    "updated": 0
  },
  {
    "id": "494bacb7-7104-4628-8ebc-594f3be27ae2",
    "data": [
      {
        "text": "the middle",
        "userDefined": false
      }
    ],
    "isTemplate": false,
    "count": 1,
    "updated": 0
  },
  {
    "id": "abca4717-9324-48e3-99b6-72738ee6a8d3",
    "data": [
      {
        "text": "its the middle one",
        "userDefined": false
      }
    ],
    "isTemplate": false,
    "count": 0,
    "updated": 0
  },
  {
    "id": "0c640e67-bd2e-4ba2-b225-179ed143cc12",
    "data": [
      {
        "text": "its the middle",
        "userDefined": false
      }
    ],
    "isTemplate": false,
    "count": 0,
    "updated": 0
  },
  {
    "id": "cc537a75-74c9-40aa-bdc0-1c4d8994e911",
    "data": [
      {
        "text": "the middle one",
        "userDefined": false
      }
    ],
    "isTemplate": false,
    "count": 0,
    "updated": 0
  }
]