[
  {
    "id": "fb66819e-b2c0-4855-971c-558feb43d7d8",
    "data": [
      {
        "text": "who is losing",
        "userDefined": false
      }
    ],
    "isTemplate": false,
    "count": 0,
    "updated": 0
  },
  {
    "id": "e8a5fc0f-71b7-417b-9f3d-4a85f5e8f21c",
    "data": [
      {
        "text": "who is ",
        "userDefined": false
      },
      {
        "text": "winning",
        "meta": "@sys.ignore",
        "userDefined": false
      }
    ],
    "isTemplate": false,
    "count": 1,
    "updated": 0
  },
  {
    "id": "8b0a6b0a-9ded-4384-ae18-d2d0f274bfad",
    "data": [
      {
        "text": "tell me the current score",
        "userDefined": false
      }
    ],
    "isTemplate": false,
    "count": 1,
    "updated": 0
  },
  {
    "id": "55ad2be3-8912-4a49-8e98-716c16e25dd5",
    "data": [
      {
        "text": "tell me the score",
        "userDefined": false
      }
    ],
    "isTemplate": false,
    "count": 1,
    "updated": 0
  },
  {
    "id": "b48ae1ff-cd4f-4279-a45d-05214a53fbb1",
    "data": [
      {
        "text": "leaderboard",
        "userDefined": false
      }
    ],
    "isTemplate": false,
    "count": 1,
    "updated": 0
  },
  {
    "id": "944731d6-648c-4fa3-aa42-4d63fa8b398c",
    "data": [
      {
        "text": "give me the scoreboard",
        "userDefined": false
      }
    ],
    "isTemplate": false,
    "count": 1,
    "updated": 0
  },
  {
    "id": "d6e371dd-ca6c-4ef3-9728-6371b4999700",
    "data": [
      {
        "text": "give me the score",
        "userDefined": false
      }
    ],
    "isTemplate": false,
    "count": 0,
    "updated": 0
  },
  {
    "id": "71b0240d-6a66-4e19-b03a-1857b7f36652",
    "data": [
      {
        "text": "who won?",
        "userDefined": false
      }
    ],
    "isTemplate": false,
    "count": 0,
    "updated": 0
  },
  {
    "id": "dbade57d-a28a-4b3a-8dfc-8dbcd89a8cc9",
    "data": [
      {
        "text": "am i loosing?",
        "userDefined": false
      }
    ],
    "isTemplate": false,
    "count": 0,
    "updated": 0
  },
  {
    "id": "c3cf4306-2880-4456-9a5b-d4a02dd4da3f",
    "data": [
      {
        "text": "am i winning?",
        "userDefined": false
      }
    ],
    "isTemplate": false,
    "count": 0,
    "updated": 0
  },
  {
    "id": "1f748f26-2831-4014-b06b-97827b85317e",
    "data": [
      {
        "text": "the ranking",
        "userDefined": false
      }
    ],
    "isTemplate": false,
    "count": 0,
    "updated": 0
  },
  {
    "id": "0d2a21a9-c42a-4913-abc4-398d25c08e47",
    "data": [
      {
        "text": "how am i doing?",
        "userDefined": false
      }
    ],
    "isTemplate": false,
    "count": 0,
    "updated": 0
  },
  {
    "id": "5b19c830-52fd-4cc8-ba3d-4e58a9897541",
    "data": [
      {
        "text": "score?",
        "userDefined": false
      }
    ],
    "isTemplate": false,
    "count": 0,
    "updated": 0
  },
  {
    "id": "724f44e6-2e41-45fb-bca8-c4bf279e218e",
    "data": [
      {
        "text": "what is my score?",
        "userDefined": false
      }
    ],
    "isTemplate": false,
    "count": 0,
    "updated": 0
  },
  {
    "id": "505fc155-bd89-46da-98c3-1c00b10d82a8",
    "data": [
      {
        "text": "what is the score?",
        "userDefined": false
      }
    ],
    "isTemplate": false,
    "count": 0,
    "updated": 0
  }
]