[
  {
    "id": "4d2b12eb-9a1d-4f5c-9099-11b87cf95894",
    "data": [
      {
        "text": "didn\u0027t you hear my ",
        "userDefined": false
      },
      {
        "text": "answer",
        "meta": "@sys.ignore",
        "userDefined": false
      },
      {
        "text": "?",
        "userDefined": false
      }
    ],
    "isTemplate": false,
    "count": 0,
    "updated": 0
  },
  {
    "id": "4ffc066c-d0a4-4ba8-9eb1-9762d1366016",
    "data": [
      {
        "text": "didn\u0027t you get my ",
        "userDefined": false
      },
      {
        "text": "answer",
        "meta": "@sys.ignore",
        "userDefined": false
      }
    ],
    "isTemplate": false,
    "count": 0,
    "updated": 0
  },
  {
    "id": "f41dc1af-2f7c-4f1a-acd0-26e64b2b9e4e",
    "data": [
      {
        "text": "you didn\u0027t understand my ",
        "userDefined": false
      },
      {
        "text": "answer",
        "meta": "@sys.ignore",
        "userDefined": false
      }
    ],
    "isTemplate": false,
    "count": 0,
    "updated": 0
  },
  {
    "id": "4a30c9aa-b3dd-4407-8dc0-12e3456a30be",
    "data": [
      {
        "text": "that was my ",
        "userDefined": false
      },
      {
        "text": "answer",
        "meta": "@sys.ignore",
        "userDefined": false
      }
    ],
    "isTemplate": false,
    "count": 0,
    "updated": 0
  },
  {
    "id": "f3ddb45b-ec12-48fc-8822-49c096aa6ffe",
    "data": [
      {
        "text": "but that\u0027s the ",
        "userDefined": false
      },
      {
        "text": "answer",
        "meta": "@sys.ignore",
        "userDefined": false
      },
      {
        "text": " i gave",
        "userDefined": false
      }
    ],
    "isTemplate": false,
    "count": 0,
    "updated": 0
  }
]