[
  {
    "id": "662a5c12-5fe2-4852-bdb9-234a7a363399",
    "data": [
      {
        "text": "it is",
        "userDefined": false
      }
    ],
    "isTemplate": false,
    "count": 0,
    "updated": 0
  },
  {
    "id": "34320198-2608-44f7-bf46-a15ed9bb2eae",
    "data": [
      {
        "text": "yes it is",
        "userDefined": false
      }
    ],
    "isTemplate": false,
    "count": 0,
    "updated": 0
  },
  {
    "id": "9bff0a1f-eed6-4a2b-9b66-f405e266110a",
    "data": [
      {
        "text": "yeah",
        "userDefined": false
      }
    ],
    "isTemplate": false,
    "count": 0,
    "updated": 0
  },
  {
    "id": "d229eb4e-0d01-471e-a95d-a962961d5430",
    "data": [
      {
        "text": "yep",
        "userDefined": false
      }
    ],
    "isTemplate": false,
    "count": 0,
    "updated": 0
  },
  {
    "id": "7fdb7eb7-d4b6-4b08-9561-077773d115d2",
    "data": [
      {
        "text": "yes",
        "userDefined": false
      }
    ],
    "isTemplate": false,
    "count": 0,
    "updated": 0
  },
  {
    "id": "32d318f6-a0ed-4c6f-a562-c9ff02ed1e82",
    "data": [
      {
        "text": "it must be true",
        "userDefined": false
      }
    ],
    "isTemplate": false,
    "count": 0,
    "updated": 0
  },
  {
    "id": "c5655902-ac05-48d6-b0a3-15c4e025636c",
    "data": [
      {
        "text": "that is ",
        "userDefined": false
      },
      {
        "text": "true",
        "meta": "@sys.ignore",
        "userDefined": false
      }
    ],
    "isTemplate": false,
    "count": 0,
    "updated": 0
  },
  {
    "id": "6cef76a0-c291-48f5-8999-e3347ad30c64",
    "data": [
      {
        "text": "right",
        "userDefined": false
      }
    ],
    "isTemplate": false,
    "count": 0,
    "updated": 0
  },
  {
    "id": "973122d4-a4b4-4ed2-9fda-cc4fdbfd806d",
    "data": [
      {
        "text": "its true",
        "userDefined": false
      }
    ],
    "isTemplate": false,
    "count": 0,
    "updated": 0
  },
  {
    "id": "cdbf2759-1752-408b-8935-0be1d8dbea6f",
    "data": [
      {
        "text": "it\u0027s true",
        "userDefined": false
      }
    ],
    "isTemplate": false,
    "count": 0,
    "updated": 0
  },
  {
    "id": "93b66a3d-6b66-4696-9829-9ae8807355c5",
    "data": [
      {
        "text": "i think it\u0027s true",
        "userDefined": false
      }
    ],
    "isTemplate": false,
    "count": 0,
    "updated": 0
  },
  {
    "id": "0c7ad556-6661-4938-8dfa-5a2c786dd283",
    "data": [
      {
        "text": "yes its true",
        "userDefined": false
      }
    ],
    "isTemplate": false,
    "count": 0,
    "updated": 0
  },
  {
    "id": "6fdca2b6-c383-4766-892d-fc3d1d3f87ac",
    "data": [
      {
        "text": "yes it\u0027s true",
        "userDefined": false
      }
    ],
    "isTemplate": false,
    "count": 0,
    "updated": 0
  },
  {
    "id": "c35cf0a0-1c67-4e94-a3b9-6fbbc8074428",
    "data": [
      {
        "text": "is it true",
        "userDefined": false
      }
    ],
    "isTemplate": false,
    "count": 0,
    "updated": 0
  },
  {
    "id": "006b09b8-d389-4409-99fe-443f42818497",
    "data": [
      {
        "text": "correct",
        "userDefined": false
      }
    ],
    "isTemplate": false,
    "count": 0,
    "updated": 0
  },
  {
    "id": "0f49ed65-cd6b-4001-82b0-3f4414fc83b6",
    "data": [
      {
        "text": "true",
        "userDefined": false
      }
    ],
    "isTemplate": false,
    "count": 0,
    "updated": 0
  }
]