[
  {
    "id": "cf1f56ac-f2d0-4fd9-a57a-c8417e94bcb1",
    "data": [
      {
        "text": "what is the answer?",
        "userDefined": false
      }
    ],
    "isTemplate": false,
    "count": 0,
    "updated": 0
  },
  {
    "id": "20569446-f79c-431b-9956-9b3bb1e3935c",
    "data": [
      {
        "text": "hint",
        "userDefined": false
      }
    ],
    "isTemplate": false,
    "count": 1,
    "updated": 0
  },
  {
    "id": "1217eaa4-725c-46ba-b949-c469face8fac",
    "data": [
      {
        "text": "how about a hint",
        "userDefined": false
      }
    ],
    "isTemplate": false,
    "count": 0,
    "updated": 0
  },
  {
    "id": "a5f9fa7f-0165-46eb-92d2-4bbb2642212f",
    "data": [
      {
        "text": "get a hint",
        "userDefined": false
      }
    ],
    "isTemplate": false,
    "count": 0,
    "updated": 0
  },
  {
    "id": "4efe80d0-4d3c-47d7-bd64-84c03e62ec52",
    "data": [
      {
        "text": "give me a hint",
        "userDefined": false
      }
    ],
    "isTemplate": false,
    "count": 0,
    "updated": 0
  }
]