[
  {
    "id": "6966db63-2ba8-4af2-9c5f-650a32474085",
    "data": [
      {
        "text": "i hate it",
        "userDefined": false
      }
    ],
    "isTemplate": false,
    "count": 1,
    "updated": 0
  },
  {
    "id": "e5262886-a874-4e65-81b2-f6e4a4acbd26",
    "data": [
      {
        "text": "not sure",
        "userDefined": false
      }
    ],
    "isTemplate": false,
    "count": 0,
    "updated": 0
  },
  {
    "id": "7b0ab531-b20d-47e4-a17a-30138debe368",
    "data": [
      {
        "text": "no way",
        "userDefined": false
      }
    ],
    "isTemplate": false,
    "count": 0,
    "updated": 0
  },
  {
    "id": "42067732-f18e-4652-b170-471c04595647",
    "data": [
      {
        "text": "nah",
        "userDefined": false
      }
    ],
    "isTemplate": false,
    "count": 0,
    "updated": 0
  },
  {
    "id": "3f6c47da-bd2e-4d24-91c6-42e3156be5b7",
    "data": [
      {
        "text": "i am not sure",
        "userDefined": false
      }
    ],
    "isTemplate": false,
    "count": 0,
    "updated": 0
  },
  {
    "id": "daed2fb4-7fbc-427d-849d-c2a590bf7b8d",
    "data": [
      {
        "text": "definitely not",
        "userDefined": false
      }
    ],
    "isTemplate": false,
    "count": 1,
    "updated": 0
  },
  {
    "id": "890399e0-31c6-488b-a12d-aa309089abd5",
    "data": [
      {
        "text": "not now",
        "userDefined": false
      }
    ],
    "isTemplate": false,
    "count": 0,
    "updated": 0
  },
  {
    "id": "2195296f-fa73-44a4-9e89-3c5b5e2f3ba4",
    "data": [
      {
        "text": "no thank you",
        "userDefined": false
      }
    ],
    "isTemplate": false,
    "count": 0,
    "updated": 0
  },
  {
    "id": "072b57a5-3048-441e-8635-25ffc975e99d",
    "data": [
      {
        "text": "negative",
        "userDefined": false
      }
    ],
    "isTemplate": false,
    "count": 1,
    "updated": 0
  },
  {
    "id": "880c4794-aad8-4edc-a1e8-6ec37b085729",
    "data": [
      {
        "text": "i don\u0027t think so",
        "userDefined": false
      }
    ],
    "isTemplate": false,
    "count": 0,
    "updated": 0
  },
  {
    "id": "de61af72-6593-4fc1-8ce4-5d2b1c2fc87d",
    "data": [
      {
        "text": "absolutely no",
        "userDefined": false
      }
    ],
    "isTemplate": false,
    "count": 0,
    "updated": 0
  },
  {
    "id": "838341c2-3c1c-44d2-93d5-78503e0b37df",
    "data": [
      {
        "text": "no",
        "userDefined": false
      }
    ],
    "isTemplate": false,
    "count": 0,
    "updated": 0
  },
  {
    "id": "6e7a0488-a7a2-4c54-8b11-ec1c9913da0a",
    "data": [
      {
        "text": "nope",
        "userDefined": false
      }
    ],
    "isTemplate": false,
    "count": 0,
    "updated": 0
  },
  {
    "id": "f83b9895-0f3f-4d8b-aee1-010a83dbc59d",
    "data": [
      {
        "text": "not really",
        "userDefined": false
      }
    ],
    "isTemplate": false,
    "count": 0,
    "updated": 0
  }
]