[
  {
    "id": "d40872c8-8c14-40c3-9e9b-905e0d8f6073",
    "data": [
      {
        "text": "it\u0027s not",
        "userDefined": false
      }
    ],
    "isTemplate": false,
    "count": 0,
    "updated": 0
  },
  {
    "id": "7eebda36-8b35-4f8d-8522-db6ed52e2013",
    "data": [
      {
        "text": "no its not",
        "userDefined": false
      }
    ],
    "isTemplate": false,
    "count": 0,
    "updated": 0
  },
  {
    "id": "d9c64f28-86c3-4941-aca8-87d2c36067fb",
    "data": [
      {
        "text": "nope",
        "userDefined": false
      }
    ],
    "isTemplate": false,
    "count": 0,
    "updated": 0
  },
  {
    "id": "587212f3-ea47-4ad3-8f7a-16c8582dfcfb",
    "data": [
      {
        "text": "no",
        "userDefined": false
      }
    ],
    "isTemplate": false,
    "count": 0,
    "updated": 0
  },
  {
    "id": "392b8897-18bf-458a-89f8-92f0e7e68564",
    "data": [
      {
        "text": "that is false",
        "userDefined": false
      }
    ],
    "isTemplate": false,
    "count": 0,
    "updated": 0
  },
  {
    "id": "78009ef7-3be5-4173-adb7-058898aece4a",
    "data": [
      {
        "text": "it has to be false",
        "userDefined": false
      }
    ],
    "isTemplate": false,
    "count": 0,
    "updated": 0
  },
  {
    "id": "66f1d027-5c45-4352-a776-878551d32d3f",
    "data": [
      {
        "text": "no it\u0027s false",
        "userDefined": false
      }
    ],
    "isTemplate": false,
    "count": 0,
    "updated": 0
  },
  {
    "id": "30f4f539-744a-4a2f-8015-b3904057ff63",
    "data": [
      {
        "text": "no its false",
        "userDefined": false
      }
    ],
    "isTemplate": false,
    "count": 0,
    "updated": 0
  },
  {
    "id": "80c22599-8305-4dcc-81cb-411cce8811af",
    "data": [
      {
        "text": "it must be false",
        "userDefined": false
      }
    ],
    "isTemplate": false,
    "count": 0,
    "updated": 0
  },
  {
    "id": "de7a1851-fd65-460c-aa68-ca7f49a50885",
    "data": [
      {
        "text": "i think it is false",
        "userDefined": false
      }
    ],
    "isTemplate": false,
    "count": 0,
    "updated": 0
  },
  {
    "id": "a1c88e1e-a769-4c89-85ea-3251022db72b",
    "data": [
      {
        "text": "it\u0027s false",
        "userDefined": false
      }
    ],
    "isTemplate": false,
    "count": 0,
    "updated": 0
  },
  {
    "id": "df557eb1-eb89-4fa1-a5ab-de09995d3114",
    "data": [
      {
        "text": "its false",
        "userDefined": false
      }
    ],
    "isTemplate": false,
    "count": 0,
    "updated": 0
  },
  {
    "id": "022844d3-bffa-4547-ad6e-43668bc9d843",
    "data": [
      {
        "text": "is it false",
        "userDefined": false
      }
    ],
    "isTemplate": false,
    "count": 0,
    "updated": 0
  },
  {
    "id": "43e32eca-471a-407f-9076-205d04a110d9",
    "data": [
      {
        "text": "incorrect",
        "userDefined": false
      }
    ],
    "isTemplate": false,
    "count": 0,
    "updated": 0
  },
  {
    "id": "72636d94-c3ca-468d-a6db-ca026105b36d",
    "data": [
      {
        "text": "wrong",
        "userDefined": false
      }
    ],
    "isTemplate": false,
    "count": 0,
    "updated": 0
  },
  {
    "id": "ad9d420e-31da-4a48-bce2-fc1c245237e2",
    "data": [
      {
        "text": "false",
        "userDefined": false
      }
    ],
    "isTemplate": false,
    "count": 0,
    "updated": 0
  }
]