[
  {
    "id": "d5dc8218-6676-4565-b249-3fda212d1d1f",
    "data": [
      {
        "text": "ok, its ",
        "userDefined": false
      },
      {
        "text": "angel",
        "alias": "answer",
        "meta": "@answer",
        "userDefined": true
      }
    ],
    "isTemplate": false,
    "count": 0,
    "updated": 0
  },
  {
    "id": "451fccf2-ffdf-4e3a-9cf4-b0b7cba59e0b",
    "data": [
      {
        "text": "let\u0027s try ",
        "userDefined": false
      },
      {
        "text": "15",
        "alias": "answer",
        "meta": "@answer",
        "userDefined": true
      }
    ],
    "isTemplate": false,
    "count": 0,
    "updated": 0
  },
  {
    "id": "b20f6180-dc3d-4eba-a13e-c984f8fc446a",
    "data": [
      {
        "text": "how about ",
        "userDefined": false
      },
      {
        "text": "dallas",
        "alias": "answer",
        "meta": "@answer",
        "userDefined": true
      }
    ],
    "isTemplate": false,
    "count": 0,
    "updated": 0
  },
  {
    "id": "e2494b8f-b0ed-4217-bde7-b04d78316e77",
    "data": [
      {
        "text": "my guess is ",
        "userDefined": false
      },
      {
        "text": "the bronx",
        "alias": "answer",
        "meta": "@answer",
        "userDefined": true
      }
    ],
    "isTemplate": false,
    "count": 0,
    "updated": 0
  },
  {
    "id": "3e26f054-1880-4434-b466-6f81240fa8bd",
    "data": [
      {
        "text": "ludlum",
        "alias": "answer",
        "meta": "@answer",
        "userDefined": true
      },
      {
        "text": " is my answer",
        "userDefined": false
      }
    ],
    "isTemplate": false,
    "count": 0,
    "updated": 0
  },
  {
    "id": "571872c7-5d63-4dfb-9526-edbb9b5b94ab",
    "data": [
      {
        "text": "yes, its ",
        "userDefined": false
      },
      {
        "text": "50 years",
        "alias": "answer",
        "meta": "@answer",
        "userDefined": true
      }
    ],
    "isTemplate": false,
    "count": 0,
    "updated": 0
  },
  {
    "id": "10a47270-9096-444a-a806-f66851baadca",
    "data": [
      {
        "text": "the correct answer is ",
        "userDefined": false
      },
      {
        "text": "ludlum",
        "alias": "answer",
        "meta": "@answer",
        "userDefined": true
      }
    ],
    "isTemplate": false,
    "count": 0,
    "updated": 0
  },
  {
    "id": "9a065b41-2fb5-4ac4-bf79-8d6fc3c2b48a",
    "data": [
      {
        "text": "could it be ",
        "userDefined": false
      },
      {
        "text": "true",
        "alias": "answer",
        "meta": "@answer",
        "userDefined": true
      },
      {
        "text": " ?",
        "userDefined": false
      }
    ],
    "isTemplate": false,
    "count": 0,
    "updated": 0
  },
  {
    "id": "d68bfa8f-7278-4022-80c6-f680502eae1b",
    "data": [
      {
        "text": "what about ",
        "userDefined": false
      },
      {
        "text": "victoria",
        "alias": "answer",
        "meta": "@answer",
        "userDefined": true
      },
      {
        "text": " ?",
        "userDefined": false
      }
    ],
    "isTemplate": false,
    "count": 0,
    "updated": 0
  },
  {
    "id": "2fffdab7-4800-4819-84d7-d91f527488cb",
    "data": [
      {
        "text": "maybe it\u0027s ",
        "userDefined": false
      },
      {
        "text": "30",
        "alias": "answer",
        "meta": "@answer",
        "userDefined": true
      }
    ],
    "isTemplate": false,
    "count": 0,
    "updated": 0
  },
  {
    "id": "dbf7b76b-ce83-425c-a99e-02a15888642c",
    "data": [
      {
        "text": "it is ",
        "userDefined": false
      },
      {
        "text": "houston",
        "alias": "answer",
        "meta": "@answer",
        "userDefined": true
      }
    ],
    "isTemplate": false,
    "count": 0,
    "updated": 0
  },
  {
    "id": "8b4c241a-1957-4f89-ae9d-6bb48b3c0cd8",
    "data": [
      {
        "text": "I\u0027m sure it\u0027s ",
        "userDefined": false
      },
      {
        "text": "45 years",
        "alias": "answer",
        "meta": "@answer",
        "userDefined": true
      }
    ],
    "isTemplate": false,
    "count": 0,
    "updated": 0
  },
  {
    "id": "23c71e73-2bd6-4d51-b93c-52cbdb806c79",
    "data": [
      {
        "text": "i\u0027m pretty sure it\u0027s ",
        "userDefined": false
      },
      {
        "text": "niagara",
        "alias": "answer",
        "meta": "@answer",
        "userDefined": true
      }
    ],
    "isTemplate": false,
    "count": 0,
    "updated": 0
  },
  {
    "id": "d3e33f47-bb41-4364-b56d-0679a0294770",
    "data": [
      {
        "text": "30",
        "alias": "answer",
        "meta": "@answer",
        "userDefined": true
      },
      {
        "text": " is the right answer",
        "userDefined": false
      }
    ],
    "isTemplate": false,
    "count": 0,
    "updated": 0
  },
  {
    "id": "f7894834-c577-4d23-a57d-def6c5d4d9bc",
    "data": [
      {
        "text": "it can only be ",
        "userDefined": false
      },
      {
        "text": "guitar",
        "alias": "answer",
        "meta": "@answer",
        "userDefined": true
      }
    ],
    "isTemplate": false,
    "count": 0,
    "updated": 0
  },
  {
    "id": "04c15f34-9ff7-416f-8aa8-5b1e4a9cc5e8",
    "data": [
      {
        "text": "it has to be ",
        "userDefined": false
      },
      {
        "text": "queens",
        "alias": "answer",
        "meta": "@answer",
        "userDefined": true
      }
    ],
    "isTemplate": false,
    "count": 0,
    "updated": 0
  },
  {
    "id": "d62c9227-0277-4ad9-a3e6-9b5a7e4e468c",
    "data": [
      {
        "text": "the answer is ",
        "userDefined": false
      },
      {
        "text": "trumpet",
        "alias": "answer",
        "meta": "@answer",
        "userDefined": true
      }
    ],
    "isTemplate": false,
    "count": 0,
    "updated": 0
  },
  {
    "id": "3e58341e-7f3b-4c89-8843-e02addd4355d",
    "data": [
      {
        "text": "i think its ",
        "userDefined": false
      },
      {
        "text": "austin",
        "alias": "answer",
        "meta": "@answer",
        "userDefined": true
      }
    ],
    "isTemplate": false,
    "count": 0,
    "updated": 0
  },
  {
    "id": "6044a7b4-3076-4b8e-baf8-a7b6dd7621d5",
    "data": [
      {
        "text": "it\u0027s ",
        "userDefined": false
      },
      {
        "text": "angel falls",
        "alias": "answer",
        "meta": "@answer",
        "userDefined": true
      }
    ],
    "isTemplate": false,
    "count": 0,
    "updated": 0
  },
  {
    "id": "3a63eefe-37a5-47a0-870d-46cb2c50fcdc",
    "data": [
      {
        "text": "its ",
        "userDefined": false
      },
      {
        "text": "nebraska",
        "alias": "answer",
        "meta": "@answer",
        "userDefined": true
      }
    ],
    "isTemplate": false,
    "count": 0,
    "updated": 0
  },
  {
    "id": "4d7fca92-672f-41c4-b3cb-495395a24218",
    "data": [
      {
        "text": "i have no idea, ",
        "userDefined": false
      },
      {
        "text": "swedish",
        "alias": "answer",
        "meta": "@answer",
        "userDefined": true
      }
    ],
    "isTemplate": false,
    "count": 0,
    "updated": 0
  },
  {
    "id": "6682a651-067e-4413-ba7e-26e0fa5352f9",
    "data": [
      {
        "text": "english and french",
        "alias": "answer",
        "meta": "@answer",
        "userDefined": true
      }
    ],
    "isTemplate": false,
    "count": 0,
    "updated": 0
  },
  {
    "id": "b6c4eb97-7467-4a97-aded-c5b6ab00890f",
    "data": [
      {
        "text": "i think it is ",
        "userDefined": false
      },
      {
        "text": "spanish",
        "alias": "answer",
        "meta": "@answer",
        "userDefined": true
      }
    ],
    "isTemplate": false,
    "count": 0,
    "updated": 0
  },
  {
    "id": "4633c4d0-b555-4f01-a7e1-a10057fe77a0",
    "data": [
      {
        "text": "is it ",
        "userDefined": false
      },
      {
        "text": "united",
        "alias": "answer",
        "meta": "@answer",
        "userDefined": true
      },
      {
        "text": "?",
        "userDefined": false
      }
    ],
    "isTemplate": false,
    "count": 1,
    "updated": 0
  }
]