[
  {
    "id": "3b3c3468-faf6-4e59-b1e0-44e01d6808d6",
    "data": [
      {
        "text": "once more",
        "userDefined": false
      }
    ],
    "isTemplate": false,
    "count": 0,
    "updated": 0
  },
  {
    "id": "84e8b153-22c9-4d97-ac01-5ce79292032e",
    "data": [
      {
        "text": "start a game",
        "userDefined": false
      }
    ],
    "isTemplate": false,
    "count": 1,
    "updated": 0
  },
  {
    "id": "8f2adbf6-8edc-4de4-a202-05a84971b3e2",
    "data": [
      {
        "text": "open a game",
        "userDefined": false
      }
    ],
    "isTemplate": false,
    "count": 1,
    "updated": 0
  },
  {
    "id": "826e5a73-c0e0-4374-ae8a-c4d2f5a54582",
    "data": [
      {
        "text": "make a new game",
        "userDefined": false
      }
    ],
    "isTemplate": false,
    "count": 1,
    "updated": 0
  },
  {
    "id": "c8b3f35a-8820-45e7-9287-9c138e431f4a",
    "data": [
      {
        "text": "make a game",
        "userDefined": false
      }
    ],
    "isTemplate": false,
    "count": 1,
    "updated": 0
  },
  {
    "id": "8db249cc-a837-4008-b244-3e287c1dd173",
    "data": [
      {
        "text": "do a game",
        "userDefined": false
      }
    ],
    "isTemplate": false,
    "count": 0,
    "updated": 0
  },
  {
    "id": "ca9c96bb-3e2c-4a9d-838f-e1adcab89cd3",
    "data": [
      {
        "text": "create a game",
        "userDefined": false
      }
    ],
    "isTemplate": false,
    "count": 1,
    "updated": 0
  },
  {
    "id": "b698334a-7e25-4cbe-8eb3-83c77de0b33c",
    "data": [
      {
        "text": "begin a game",
        "userDefined": false
      }
    ],
    "isTemplate": false,
    "count": 1,
    "updated": 0
  },
  {
    "id": "2e9b948c-c528-40f3-b347-3e99587b8c17",
    "data": [
      {
        "text": "start new game",
        "userDefined": false
      }
    ],
    "isTemplate": false,
    "count": 0,
    "updated": 0
  },
  {
    "id": "4d7bb23c-70b3-4bd6-8450-011afd963df0",
    "data": [
      {
        "text": "restart",
        "userDefined": false
      }
    ],
    "isTemplate": false,
    "count": 0,
    "updated": 0
  },
  {
    "id": "bfc65526-97ac-45be-a1e0-e9717d8f70c2",
    "data": [
      {
        "text": "restart game",
        "userDefined": false
      }
    ],
    "isTemplate": false,
    "count": 1,
    "updated": 0
  },
  {
    "id": "c934f973-4766-48cd-b952-1fc1a340416e",
    "data": [
      {
        "text": "tell me trivia",
        "userDefined": false
      }
    ],
    "isTemplate": false,
    "count": 0,
    "updated": 0
  },
  {
    "id": "970fcdb4-f8e6-4b54-85f0-a4899e62c33b",
    "data": [
      {
        "text": "give me trivia",
        "userDefined": false
      }
    ],
    "isTemplate": false,
    "count": 0,
    "updated": 0
  },
  {
    "id": "d1e24aad-7f3e-4274-9200-4088bfe0a3a9",
    "data": [
      {
        "text": "start over",
        "userDefined": false
      }
    ],
    "isTemplate": false,
    "count": 0,
    "updated": 0
  },
  {
    "id": "325b02f5-fe84-4a35-9324-8e7d80d2575a",
    "data": [
      {
        "text": "set up a new game",
        "userDefined": false
      }
    ],
    "isTemplate": false,
    "count": 1,
    "updated": 0
  },
  {
    "id": "81236092-4ed0-4479-95c1-79bf552b1a12",
    "data": [
      {
        "text": "set up a game",
        "userDefined": false
      }
    ],
    "isTemplate": false,
    "count": 0,
    "updated": 0
  },
  {
    "id": "bcd05395-cc4a-4f90-a9c2-ef04363f60ae",
    "data": [
      {
        "text": "begin a new game",
        "userDefined": false
      }
    ],
    "isTemplate": false,
    "count": 0,
    "updated": 0
  },
  {
    "id": "2f3e0729-8a12-43f2-ad9e-9b1f63e811e8",
    "data": [
      {
        "text": "another game",
        "userDefined": false
      }
    ],
    "isTemplate": false,
    "count": 0,
    "updated": 0
  },
  {
    "id": "c1c725e5-936f-4ccc-a9a5-a97e75aa55c2",
    "data": [
      {
        "text": "start another game",
        "userDefined": false
      }
    ],
    "isTemplate": false,
    "count": 0,
    "updated": 0
  },
  {
    "id": "1eadc282-c3f2-443b-858b-5bf4936b32ca",
    "data": [
      {
        "text": "begin game",
        "userDefined": false
      }
    ],
    "isTemplate": false,
    "count": 1,
    "updated": 0
  },
  {
    "id": "9600225d-6854-4974-8831-85d34cb41214",
    "data": [
      {
        "text": "start again",
        "userDefined": false
      }
    ],
    "isTemplate": false,
    "count": 0,
    "updated": 0
  },
  {
    "id": "aaa9ea35-c86d-4224-8a30-9c246dc3dd63",
    "data": [
      {
        "text": "new game",
        "userDefined": false
      }
    ],
    "isTemplate": false,
    "count": 0,
    "updated": 0
  },
  {
    "id": "b65dad4a-379b-42ca-bafa-d6d5959f7bc9",
    "data": [
      {
        "text": "start game",
        "userDefined": false
      }
    ],
    "isTemplate": false,
    "count": 0,
    "updated": 0
  }
]