[
  {
    "id": "e1a6da7c-82e4-44b0-8fc0-e03a5f807fcb",
    "data": [
      {
        "text": "repeat the question",
        "userDefined": false
      }
    ],
    "isTemplate": false,
    "count": 0,
    "updated": 0
  },
  {
    "id": "b2c995f9-9dd3-4640-b6ad-809e0cc9c27a",
    "data": [
      {
        "text": "what is the question?",
        "userDefined": false
      }
    ],
    "isTemplate": false,
    "count": 0,
    "updated": 0
  },
  {
    "id": "acb588a0-57f5-4de1-92e4-e3ca20d94be5",
    "data": [
      {
        "text": "ask a question",
        "userDefined": false
      }
    ],
    "isTemplate": false,
    "count": 0,
    "updated": 0
  },
  {
    "id": "b7a92495-d47c-425a-ae4d-df13a9a8d5a7",
    "data": [
      {
        "text": "question?",
        "userDefined": false
      }
    ],
    "isTemplate": false,
    "count": 0,
    "updated": 0
  },
  {
    "id": "16c72a25-e895-4490-a349-643b62b72e36",
    "data": [
      {
        "text": "say it again",
        "userDefined": false
      }
    ],
    "isTemplate": false,
    "count": 1,
    "updated": 0
  },
  {
    "id": "bdefd0de-27d6-45c2-9dc0-ec8a80aad085",
    "data": [
      {
        "text": "repeat",
        "userDefined": false
      }
    ],
    "isTemplate": false,
    "count": 0,
    "updated": 0
  },
  {
    "id": "b4576d7d-94ad-467b-9fd5-20c275fc989f",
    "data": [
      {
        "text": "pardon",
        "userDefined": false
      }
    ],
    "isTemplate": false,
    "count": 0,
    "updated": 0
  },
  {
    "id": "c581f068-ebf4-45b6-96c1-9775483ab576",
    "data": [
      {
        "text": "come again",
        "userDefined": false
      }
    ],
    "isTemplate": false,
    "count": 0,
    "updated": 0
  },
  {
    "id": "194477d1-bca5-46a5-a04e-49b88e670f9d",
    "data": [
      {
        "text": "again",
        "userDefined": false
      }
    ],
    "isTemplate": false,
    "count": 0,
    "updated": 0
  },
  {
    "id": "015a8407-387d-4d18-9533-c1d1d829c227",
    "data": [
      {
        "text": "what was the question?",
        "userDefined": false
      }
    ],
    "isTemplate": false,
    "count": 0,
    "updated": 0
  },
  {
    "id": "28d77557-fc53-4f8a-8712-e88bba3e65f4",
    "data": [
      {
        "text": "say again?",
        "userDefined": false
      }
    ],
    "isTemplate": false,
    "count": 0,
    "updated": 0
  },
  {
    "id": "03a57305-79ac-4c9f-8753-bd58d083fce8",
    "data": [
      {
        "text": "go back",
        "userDefined": false
      }
    ],
    "isTemplate": false,
    "count": 0,
    "updated": 0
  },
  {
    "id": "e05e4445-8b50-47d1-9be0-3edaada3dd19",
    "data": [
      {
        "text": "I didn\u0027t catch that",
        "userDefined": false
      }
    ],
    "isTemplate": false,
    "count": 0,
    "updated": 0
  },
  {
    "id": "7a0d65d5-3331-4113-8c23-64c1a2c43de9",
    "data": [
      {
        "text": "could you repeat that?",
        "userDefined": false
      }
    ],
    "isTemplate": false,
    "count": 0,
    "updated": 0
  },
  {
    "id": "8415ca9e-4f06-4e54-a514-843b1bb1551a",
    "data": [
      {
        "text": "could you say that again?",
        "userDefined": false
      }
    ],
    "isTemplate": false,
    "count": 0,
    "updated": 0
  },
  {
    "id": "6239f8aa-ee32-4e37-bf93-476061b6bdff",
    "data": [
      {
        "text": "I didn\u0027t hear that",
        "userDefined": false
      }
    ],
    "isTemplate": false,
    "count": 0,
    "updated": 0
  },
  {
    "id": "9b521bc5-8870-4f95-935b-8e24a5fd79d8",
    "data": [
      {
        "text": "what?",
        "userDefined": false
      }
    ],
    "isTemplate": false,
    "count": 1,
    "updated": 0
  },
  {
    "id": "5d91d43c-51f7-4656-a058-8d5031bead88",
    "data": [
      {
        "text": "what was that?",
        "userDefined": false
      }
    ],
    "isTemplate": false,
    "count": 0,
    "updated": 0
  },
  {
    "id": "0b08ab67-23a7-4d7a-9a20-2ed4ec8ecafe",
    "data": [
      {
        "text": "what did you say?",
        "userDefined": false
      }
    ],
    "isTemplate": false,
    "count": 0,
    "updated": 0
  },
  {
    "id": "e0cd87af-56e2-4f01-aa1d-0629e8643d72",
    "data": [
      {
        "text": "repeat that",
        "userDefined": false
      }
    ],
    "isTemplate": false,
    "count": 0,
    "updated": 0
  },
  {
    "id": "502a8fc4-8c3f-43aa-96dc-fe2ec43d90f1",
    "data": [
      {
        "text": "again?",
        "userDefined": false
      }
    ],
    "isTemplate": false,
    "count": 0,
    "updated": 0
  },
  {
    "id": "444cbd5b-a236-4080-aa8b-0d7c676613a9",
    "data": [
      {
        "text": "say that again",
        "userDefined": false
      }
    ],
    "isTemplate": false,
    "count": 0,
    "updated": 0
  }
]