[
  {
    "id": "6f8b8850-4c1e-4e92-9287-7f6269345d17",
    "data": [
      {
        "text": "i hate it",
        "userDefined": false
      }
    ],
    "isTemplate": false,
    "count": 1,
    "updated": 0
  },
  {
    "id": "824c6753-37f0-4b49-94f3-2f3656fdd927",
    "data": [
      {
        "text": "not sure",
        "userDefined": false
      }
    ],
    "isTemplate": false,
    "count": 0,
    "updated": 0
  },
  {
    "id": "5bb24c2e-ccc9-4d9f-87a5-f43326281a08",
    "data": [
      {
        "text": "no way",
        "userDefined": false
      }
    ],
    "isTemplate": false,
    "count": 0,
    "updated": 0
  },
  {
    "id": "453cedc1-4fab-4990-a1c9-8ade5de437cc",
    "data": [
      {
        "text": "nah",
        "userDefined": false
      }
    ],
    "isTemplate": false,
    "count": 0,
    "updated": 0
  },
  {
    "id": "fbd2f4a5-25a1-4873-a175-43db1080094b",
    "data": [
      {
        "text": "i am not sure",
        "userDefined": false
      }
    ],
    "isTemplate": false,
    "count": 0,
    "updated": 0
  },
  {
    "id": "957c97d3-b754-4b85-a5be-a3372d55d6c3",
    "data": [
      {
        "text": "definitely not",
        "userDefined": false
      }
    ],
    "isTemplate": false,
    "count": 0,
    "updated": 0
  },
  {
    "id": "404e389c-3d4f-458f-ad8b-81df31dd7e8b",
    "data": [
      {
        "text": "not now",
        "userDefined": false
      }
    ],
    "isTemplate": false,
    "count": 0,
    "updated": 0
  },
  {
    "id": "9b877a51-876b-47d5-b792-f90a0ff8ddbf",
    "data": [
      {
        "text": "no thank you",
        "userDefined": false
      }
    ],
    "isTemplate": false,
    "count": 0,
    "updated": 0
  },
  {
    "id": "445a5ba3-cf03-45c6-a456-8f92a986043c",
    "data": [
      {
        "text": "negative",
        "userDefined": false
      }
    ],
    "isTemplate": false,
    "count": 1,
    "updated": 0
  },
  {
    "id": "3cdfbf63-7995-42f6-8353-aab741240cbc",
    "data": [
      {
        "text": "i don\u0027t think so",
        "userDefined": false
      }
    ],
    "isTemplate": false,
    "count": 0,
    "updated": 0
  },
  {
    "id": "aebc5f27-a236-4ec2-88c2-0efc523fc8fc",
    "data": [
      {
        "text": "not really",
        "userDefined": false
      }
    ],
    "isTemplate": false,
    "count": 0,
    "updated": 0
  },
  {
    "id": "c2b2444c-8d0c-4983-9337-3a6ead48cfd9",
    "data": [
      {
        "text": "nope",
        "userDefined": false
      }
    ],
    "isTemplate": false,
    "count": 0,
    "updated": 0
  },
  {
    "id": "5a8de854-39c7-4bc8-ad0c-244e215f220e",
    "data": [
      {
        "text": "no",
        "userDefined": false
      }
    ],
    "isTemplate": false,
    "count": 0,
    "updated": 0
  }
]