[
  {
    "id": "ec9632a9-fb94-4ead-b571-1e29e62156d6",
    "data": [
      {
        "text": "i didn\u0027t catch the answers",
        "userDefined": false
      }
    ],
    "isTemplate": false,
    "count": 0,
    "updated": 0
  },
  {
    "id": "70cb7bfe-985d-4a2f-b629-56a09b221d02",
    "data": [
      {
        "text": "say the ",
        "userDefined": false
      },
      {
        "text": "answers",
        "meta": "@sys.ignore",
        "userDefined": false
      }
    ],
    "isTemplate": false,
    "count": 0,
    "updated": 0
  },
  {
    "id": "e1962813-742f-49bc-bcee-3b19265ced2b",
    "data": [
      {
        "text": "give me the answer again",
        "userDefined": false
      }
    ],
    "isTemplate": false,
    "count": 0,
    "updated": 0
  },
  {
    "id": "e49c94d1-4502-4055-9a5d-b4a6f9c1efaa",
    "data": [
      {
        "text": "the answers again",
        "userDefined": false
      }
    ],
    "isTemplate": false,
    "count": 0,
    "updated": 0
  },
  {
    "id": "8471359c-9a07-477a-ad72-11e68c62a74b",
    "data": [
      {
        "text": "give me the answers",
        "userDefined": false
      }
    ],
    "isTemplate": false,
    "count": 1,
    "updated": 0
  },
  {
    "id": "de035d75-bcf6-4e7e-8277-133b5b29fe03",
    "data": [
      {
        "text": "what are the answers?",
        "userDefined": false
      }
    ],
    "isTemplate": false,
    "count": 0,
    "updated": 0
  },
  {
    "id": "53710d06-8542-4302-a652-2d083dc65e14",
    "data": [
      {
        "text": "say the answers again?",
        "userDefined": false
      }
    ],
    "isTemplate": false,
    "count": 0,
    "updated": 0
  },
  {
    "id": "40ff74de-9b1f-4c2a-9ac7-874185042320",
    "data": [
      {
        "text": "what were the answers?",
        "userDefined": false
      }
    ],
    "isTemplate": false,
    "count": 0,
    "updated": 0
  }
]