[
  {
    "id": "565054d1-57a6-4c6d-ba98-3217c630f31a",
    "data": [
      {
        "text": "talk to happy sheet",
        "userDefined": false
      }
    ],
    "isTemplate": false,
    "count": 0,
    "updated": 0
  },
  {
    "id": "5af999cc-47bd-4c4a-864e-53e1c1205498",
    "data": [
      {
        "text": "talk to google sheet",
        "userDefined": false
      }
    ],
    "isTemplate": false,
    "count": 0,
    "updated": 0
  },
  {
    "id": "491bb2f4-609a-411d-906e-8cd0df0b4d6a",
    "data": [
      {
        "text": "google sheet",
        "userDefined": false
      }
    ],
    "isTemplate": false,
    "count": 0,
    "updated": 0
  }
]