[
  {
    "id": "ea5ff0fc-9a75-405c-bb59-e7e2934845a4",
    "data": [
      {
        "text": "you bet",
        "userDefined": false
      }
    ],
    "isTemplate": false,
    "count": 1,
    "updated": 0
  },
  {
    "id": "496667f5-c43e-4266-8354-e55335749108",
    "data": [
      {
        "text": "why not",
        "userDefined": false
      }
    ],
    "isTemplate": false,
    "count": 0,
    "updated": 0
  },
  {
    "id": "eeca4b0c-145a-4b68-8c29-b8880c00ce5a",
    "data": [
      {
        "text": "sounds good",
        "userDefined": false
      }
    ],
    "isTemplate": false,
    "count": 0,
    "updated": 0
  },
  {
    "id": "dcdcd242-bf59-44d5-9b07-fd9856ff53c0",
    "data": [
      {
        "text": "ok",
        "userDefined": false
      }
    ],
    "isTemplate": false,
    "count": 0,
    "updated": 0
  },
  {
    "id": "bd2c8c52-d880-4ecc-aa83-48b2b44b130e",
    "data": [
      {
        "text": "of course",
        "userDefined": false
      }
    ],
    "isTemplate": false,
    "count": 0,
    "updated": 0
  },
  {
    "id": "e93387f0-a989-4b16-9a8c-33e26d94f060",
    "data": [
      {
        "text": "maybe",
        "userDefined": false
      }
    ],
    "isTemplate": false,
    "count": 0,
    "updated": 0
  },
  {
    "id": "965bb21b-ae17-4dbd-8bde-ee72a10b7acd",
    "data": [
      {
        "text": "go for it",
        "userDefined": false
      }
    ],
    "isTemplate": false,
    "count": 0,
    "updated": 0
  },
  {
    "id": "ed13d1c9-d415-4d79-85fa-e0a9fbb29903",
    "data": [
      {
        "text": "definitely",
        "userDefined": false
      }
    ],
    "isTemplate": false,
    "count": 0,
    "updated": 0
  },
  {
    "id": "ed2e24f1-9709-4872-8ed7-763f70cc6c62",
    "data": [
      {
        "text": "alright",
        "userDefined": false
      }
    ],
    "isTemplate": false,
    "count": 0,
    "updated": 0
  },
  {
    "id": "6d2000c4-349c-4fc1-819b-981ca8b7de61",
    "data": [
      {
        "text": "affirmative",
        "userDefined": false
      }
    ],
    "isTemplate": false,
    "count": 0,
    "updated": 0
  },
  {
    "id": "4addc1cc-fb22-4f7e-ba66-642b9cc8c281",
    "data": [
      {
        "text": "yes please",
        "userDefined": false
      }
    ],
    "isTemplate": false,
    "count": 0,
    "updated": 0
  },
  {
    "id": "0c63ec56-fb9c-4bfe-9207-bf2dbbf8f58e",
    "data": [
      {
        "text": "i do",
        "userDefined": false
      }
    ],
    "isTemplate": false,
    "count": 0,
    "updated": 0
  },
  {
    "id": "7497d42b-efc2-4fe6-a672-24a00c5e43d8",
    "data": [
      {
        "text": "yes",
        "userDefined": false
      }
    ],
    "isTemplate": false,
    "count": 0,
    "updated": 0
  },
  {
    "id": "5a0409f1-f98a-43f3-87a7-a30a2df5628d",
    "data": [
      {
        "text": "yeah",
        "userDefined": false
      }
    ],
    "isTemplate": false,
    "count": 0,
    "updated": 0
  },
  {
    "id": "d301bd00-39a9-4ff2-b63f-ec3855367cc7",
    "data": [
      {
        "text": "sure",
        "userDefined": false
      }
    ],
    "isTemplate": false,
    "count": 0,
    "updated": 0
  },
  {
    "id": "5bef0d5a-cf0d-4dc9-86db-91b1d9c571e8",
    "data": [
      {
        "text": "yep",
        "userDefined": false
      }
    ],
    "isTemplate": false,
    "count": 0,
    "updated": 0
  }
]