[
  {
    "id": "b0f107af-c36a-462a-8329-d0955a66b0a1",
    "data": [
      {
        "text": "I am feeling lucky",
        "userDefined": false
      }
    ],
    "isTemplate": false,
    "count": 0,
    "updated": 0
  },
  {
    "id": "9a69514b-8e96-4f3c-8af8-3ec7fb6ae061",
    "data": [
      {
        "text": "feeling lucky",
        "userDefined": false
      }
    ],
    "isTemplate": false,
    "count": 0,
    "updated": 0
  },
  {
    "id": "3d5a64c0-3cb6-4ead-8d3e-ebc2ca482a18",
    "data": [
      {
        "text": "Im feeling lucky",
        "userDefined": false
      }
    ],
    "isTemplate": false,
    "count": 0,
    "updated": 0
  },
  {
    "id": "d1add48f-274f-4781-b3a8-a424be6c6324",
    "data": [
      {
        "text": "I\u0027m feeling lucky",
        "userDefined": false
      }
    ],
    "isTemplate": false,
    "count": 0,
    "updated": 0
  }
]