[
  {
    "id": "bdd17e22-3454-4448-a8e1-787b31a318b2",
    "data": [
      {
        "text": "are you sure?",
        "userDefined": false
      }
    ],
    "isTemplate": false,
    "count": 0,
    "updated": 0
  },
  {
    "id": "de9b4671-e1fd-4836-bc5f-20925d336bca",
    "data": [
      {
        "text": "i don\u0027t think so",
        "userDefined": false
      }
    ],
    "isTemplate": false,
    "count": 1,
    "updated": 0
  },
  {
    "id": "fce1c5f5-c39c-483b-9050-2b7b64b2945b",
    "data": [
      {
        "text": "wrong",
        "userDefined": false
      }
    ],
    "isTemplate": false,
    "count": 0,
    "updated": 0
  },
  {
    "id": "f1552d53-f5d2-4d94-a148-94dfb7b018d8",
    "data": [
      {
        "text": "incorrect",
        "userDefined": false
      }
    ],
    "isTemplate": false,
    "count": 0,
    "updated": 0
  },
  {
    "id": "f5b27012-9566-480e-82da-9e7d50ff54e3",
    "data": [
      {
        "text": "i don\u0027t believe you",
        "userDefined": false
      }
    ],
    "isTemplate": false,
    "count": 0,
    "updated": 0
  },
  {
    "id": "18a514c7-f8d4-494c-8965-73afc67d9100",
    "data": [
      {
        "text": "that is a fake answer",
        "userDefined": false
      }
    ],
    "isTemplate": false,
    "count": 0,
    "updated": 0
  },
  {
    "id": "6098d03c-e323-4cd3-9d09-c16bcf16c976",
    "data": [
      {
        "text": "I\u0027m right, you are wrong",
        "userDefined": false
      }
    ],
    "isTemplate": false,
    "count": 0,
    "updated": 0
  },
  {
    "id": "100b0471-6f8c-4200-ac5e-684e8e2877b1",
    "data": [
      {
        "text": "i think you are wrong",
        "userDefined": false
      }
    ],
    "isTemplate": false,
    "count": 0,
    "updated": 0
  },
  {
    "id": "32b812bd-2983-4675-aa98-71d137a156e3",
    "data": [
      {
        "text": "that is not right",
        "userDefined": false
      }
    ],
    "isTemplate": false,
    "count": 1,
    "updated": 0
  },
  {
    "id": "00cac330-094d-4bd4-b66d-594538cd8427",
    "data": [
      {
        "text": "that answer is incorrect",
        "userDefined": false
      }
    ],
    "isTemplate": false,
    "count": 1,
    "updated": 0
  },
  {
    "id": "c17d0434-9d28-4694-a92d-fa7f908368f6",
    "data": [
      {
        "text": "that answer is wrong",
        "userDefined": false
      }
    ],
    "isTemplate": false,
    "count": 0,
    "updated": 0
  },
  {
    "id": "d2938e21-6391-4357-b5d0-972f8de08446",
    "data": [
      {
        "text": "i don\u0027t agree with that answer",
        "userDefined": false
      }
    ],
    "isTemplate": false,
    "count": 0,
    "updated": 0
  },
  {
    "id": "bda04035-45b6-4dd2-a428-cc6b7083d4c8",
    "data": [
      {
        "text": "i don\u0027t agree with you",
        "userDefined": false
      }
    ],
    "isTemplate": false,
    "count": 0,
    "updated": 0
  },
  {
    "id": "9dc3ff90-f529-4f1b-bf6b-1b178fd71d38",
    "data": [
      {
        "text": "that is ",
        "userDefined": false
      },
      {
        "text": "fake",
        "meta": "@sys.ignore",
        "userDefined": false
      }
    ],
    "isTemplate": false,
    "count": 0,
    "updated": 0
  },
  {
    "id": "28442412-fa3f-47e6-9e98-b810580d7fc3",
    "data": [
      {
        "text": "that\u0027s not the right answer",
        "userDefined": false
      }
    ],
    "isTemplate": false,
    "count": 0,
    "updated": 0
  },
  {
    "id": "08341c8c-04c9-48e2-adc9-25e956de325a",
    "data": [
      {
        "text": "you are wrong",
        "userDefined": false
      }
    ],
    "isTemplate": false,
    "count": 0,
    "updated": 0
  }
]