[
  {
    "id": "96e135fb-c0cf-4495-a8eb-f6fa39a1806b",
    "data": [
      {
        "text": "reschedule my ",
        "userDefined": false
      },
      {
        "text": "7 am",
        "alias": "date-time",
        "meta": "@sys.date-time",
        "userDefined": true
      },
      {
        "text": " reminder",
        "userDefined": false
      }
    ],
    "isTemplate": false,
    "count": 0,
    "updated": 0
  },
  {
    "id": "76a63da1-9709-43e5-8efc-13433e0f39a3",
    "data": [
      {
        "text": "reschedule ",
        "userDefined": false
      },
      {
        "text": "today",
        "alias": "date-time",
        "meta": "@sys.date-time",
        "userDefined": false
      },
      {
        "text": " reminder for ",
        "userDefined": false
      },
      {
        "text": "tomorrow",
        "alias": "date-time-new",
        "meta": "@sys.date-time",
        "userDefined": false
      }
    ],
    "isTemplate": false,
    "count": 0,
    "updated": 0
  },
  {
    "id": "4d586376-e9b8-4bad-8d74-57b5106bd25e",
    "data": [
      {
        "text": "reschedule reminder",
        "userDefined": false
      }
    ],
    "isTemplate": false,
    "count": 0,
    "updated": 0
  },
  {
    "id": "484c249a-1212-4977-90b0-40b9e0ecdc92",
    "data": [
      {
        "text": "move my ",
        "userDefined": false
      },
      {
        "text": "5 pm",
        "alias": "date-time",
        "meta": "@sys.date-time",
        "userDefined": false
      },
      {
        "text": " reminder to ",
        "userDefined": false
      },
      {
        "text": "7 pm",
        "alias": "date-time-new",
        "meta": "@sys.date-time",
        "userDefined": false
      }
    ],
    "isTemplate": false,
    "count": 0,
    "updated": 1508524772
  },
  {
    "id": "350dbd17-a726-4536-8192-8e543a60c3e0",
    "data": [
      {
        "text": "new",
        "meta": "@sys.ignore",
        "userDefined": false
      },
      {
        "text": " ",
        "userDefined": false
      },
      {
        "text": "time",
        "meta": "@sys.ignore",
        "userDefined": false
      },
      {
        "text": " for my reminder for ",
        "userDefined": false
      },
      {
        "text": "11:00",
        "alias": "date-time",
        "meta": "@sys.date-time",
        "userDefined": true
      }
    ],
    "isTemplate": false,
    "count": 0,
    "updated": 0
  },
  {
    "id": "6ccba271-936c-442b-80d0-cf99d907c7b3",
    "data": [
      {
        "text": "new time for my reminder",
        "userDefined": false
      }
    ],
    "isTemplate": false,
    "count": 0,
    "updated": 1508524772
  },
  {
    "id": "24886151-a670-4545-b81b-c4f6ce548523",
    "data": [
      {
        "text": "schedule new time for my reminder",
        "userDefined": false
      }
    ],
    "isTemplate": false,
    "count": 0,
    "updated": 1508524772
  },
  {
    "id": "1e49b8eb-db3c-4a02-8ab1-d33e0588c75c",
    "data": [
      {
        "text": "change reminder time",
        "userDefined": false
      }
    ],
    "isTemplate": false,
    "count": 0,
    "updated": 1508524772
  },
  {
    "id": "bf54f667-b3bf-41f6-8c55-48232f506cc9",
    "data": [
      {
        "text": "reschedule my ",
        "userDefined": false
      },
      {
        "text": "7 am",
        "alias": "date-time",
        "meta": "@sys.date-time",
        "userDefined": true
      },
      {
        "text": " reminder to ",
        "userDefined": false
      },
      {
        "text": "15 am",
        "alias": "date-time-new",
        "meta": "@sys.date-time",
        "userDefined": true
      }
    ],
    "isTemplate": false,
    "count": 0,
    "updated": 0
  },
  {
    "id": "18a3eebb-0715-403a-9ff3-addf07ba0566",
    "data": [
      {
        "text": "move my ",
        "userDefined": false
      },
      {
        "text": "6 am",
        "alias": "date-time",
        "meta": "@sys.date-time",
        "userDefined": true
      },
      {
        "text": " reminder to ",
        "userDefined": false
      },
      {
        "text": "7 in the evening",
        "alias": "date-time-new",
        "meta": "@sys.date-time",
        "userDefined": true
      }
    ],
    "isTemplate": false,
    "count": 0,
    "updated": 0
  },
  {
    "id": "8803e71c-ba1d-4041-8e16-798973af0bba",
    "data": [
      {
        "text": "move my reminder from ",
        "userDefined": false
      },
      {
        "text": "7",
        "alias": "date-time",
        "meta": "@sys.date-time",
        "userDefined": true
      },
      {
        "text": " to ",
        "userDefined": false
      },
      {
        "text": "8",
        "alias": "date-time-new",
        "meta": "@sys.date-time",
        "userDefined": true
      }
    ],
    "isTemplate": false,
    "count": 0,
    "updated": 0
  },
  {
    "id": "7639ad82-df8c-452e-805f-00188a297f49",
    "data": [
      {
        "text": "can you reschedule my reminder",
        "userDefined": false
      }
    ],
    "isTemplate": false,
    "count": 0,
    "updated": 1508524772
  }
]