[
  {
    "id": "3e0bea69-63e2-42db-9424-bd052b358cdb",
    "data": [
      {
        "text": "the one",
        "meta": "@sys.ignore",
        "userDefined": false
      },
      {
        "text": " for ",
        "userDefined": false
      },
      {
        "text": "every day",
        "alias": "recurrence",
        "meta": "@recurrence",
        "userDefined": false
      }
    ],
    "isTemplate": false,
    "count": 0,
    "updated": 0
  },
  {
    "id": "80487245-9957-4553-a704-8e534c28e150",
    "data": [
      {
        "text": "one",
        "meta": "@sys.ignore",
        "userDefined": false
      },
      {
        "text": " scheduled ",
        "userDefined": false
      },
      {
        "text": "weekly",
        "alias": "recurrence",
        "meta": "@recurrence",
        "userDefined": false
      },
      {
        "text": " as ",
        "userDefined": false
      },
      {
        "text": "well",
        "meta": "@sys.ignore",
        "userDefined": false
      }
    ],
    "isTemplate": false,
    "count": 0,
    "updated": 0
  },
  {
    "id": "02b62b2d-5301-4f88-bedb-535f9f0cad85",
    "data": [
      {
        "text": "and for ",
        "userDefined": false
      },
      {
        "text": "every Friday",
        "alias": "recurrence",
        "meta": "@recurrence",
        "userDefined": false
      }
    ],
    "isTemplate": false,
    "count": 0,
    "updated": 0
  },
  {
    "id": "a3a693a2-0fb9-4666-85fe-436c1b54ae11",
    "data": [
      {
        "text": "now ",
        "userDefined": false
      },
      {
        "text": "the one",
        "meta": "@sys.ignore",
        "userDefined": false
      },
      {
        "text": " for ",
        "userDefined": false
      },
      {
        "text": "each weekend",
        "alias": "recurrence",
        "meta": "@recurrence",
        "userDefined": true
      }
    ],
    "isTemplate": false,
    "count": 0,
    "updated": 0
  },
  {
    "id": "d18c99d8-9953-4488-998a-0fc0ca4adf1d",
    "data": [
      {
        "text": "for ",
        "userDefined": false
      },
      {
        "text": "every Tuesday",
        "alias": "recurrence",
        "meta": "@recurrence",
        "userDefined": false
      },
      {
        "text": " too",
        "userDefined": false
      }
    ],
    "isTemplate": false,
    "count": 0,
    "updated": 0
  },
  {
    "id": "dde5aa21-006f-4d61-a335-92011b51006b",
    "data": [
      {
        "text": "and another ",
        "userDefined": false
      },
      {
        "text": "one",
        "meta": "@sys.ignore",
        "userDefined": false
      },
      {
        "text": " for ",
        "userDefined": false
      },
      {
        "text": "Wednesdays",
        "alias": "recurrence",
        "meta": "@recurrence",
        "userDefined": false
      }
    ],
    "isTemplate": false,
    "count": 0,
    "updated": 0
  },
  {
    "id": "588f90c2-d3d7-4e19-b4ca-100b05cfc96c",
    "data": [
      {
        "text": "plus ",
        "userDefined": false
      },
      {
        "text": "one",
        "meta": "@sys.ignore",
        "userDefined": false
      },
      {
        "text": " for ",
        "userDefined": false
      },
      {
        "text": "mondays",
        "alias": "recurrence",
        "meta": "@recurrence",
        "userDefined": false
      }
    ],
    "isTemplate": false,
    "count": 0,
    "updated": 0
  },
  {
    "id": "2e3208c7-5167-4b73-a360-e5dde471fa19",
    "data": [
      {
        "text": "and ",
        "userDefined": false
      },
      {
        "text": "one",
        "meta": "@sys.ignore",
        "userDefined": false
      },
      {
        "text": " more for ",
        "userDefined": false
      },
      {
        "text": "every weekday",
        "alias": "recurrence",
        "meta": "@recurrence",
        "userDefined": false
      }
    ],
    "isTemplate": false,
    "count": 0,
    "updated": 0
  },
  {
    "id": "921d3e3e-0da3-4fa3-9329-7005aafbef9c",
    "data": [
      {
        "text": "and ",
        "userDefined": false
      },
      {
        "text": "the one",
        "meta": "@sys.ignore",
        "userDefined": false
      },
      {
        "text": " sheduled for ",
        "userDefined": false
      },
      {
        "text": "every day",
        "alias": "recurrence",
        "meta": "@recurrence",
        "userDefined": false
      }
    ],
    "isTemplate": false,
    "count": 0,
    "updated": 0
  },
  {
    "id": "85827659-5076-4aad-98aa-8ed09356636f",
    "data": [
      {
        "text": "and scheduled for ",
        "userDefined": false
      },
      {
        "text": "Fridays",
        "alias": "recurrence",
        "meta": "@recurrence",
        "userDefined": false
      }
    ],
    "isTemplate": false,
    "count": 0,
    "updated": 0
  },
  {
    "id": "c7f78f42-d789-4ecb-aa33-77f53500451d",
    "data": [
      {
        "text": "one",
        "meta": "@sys.ignore",
        "userDefined": false
      },
      {
        "text": " more for ",
        "userDefined": false
      },
      {
        "text": "Sundays",
        "alias": "recurrence",
        "meta": "@recurrence",
        "userDefined": false
      }
    ],
    "isTemplate": false,
    "count": 0,
    "updated": 0
  }
]