[
  {
    "id": "aa2a059d-2f7a-4aec-8611-b9bd8247b508",
    "data": [
      {
        "text": "new reminder please",
        "userDefined": false
      }
    ],
    "isTemplate": false,
    "count": 0,
    "updated": 0
  },
  {
    "id": "f0499525-51c8-4c19-9585-9ef40b3d68bc",
    "data": [
      {
        "text": "add new reminder",
        "userDefined": false
      }
    ],
    "isTemplate": false,
    "count": 0,
    "updated": 0
  },
  {
    "id": "55fe5e91-8797-450f-a3b6-2ff71073bb75",
    "data": [
      {
        "text": "can you remind me",
        "userDefined": false
      }
    ],
    "isTemplate": false,
    "count": 0,
    "updated": 0
  },
  {
    "id": "1d69d4bf-25f5-45b3-8ecf-da996d9c2a01",
    "data": [
      {
        "text": "can you remind",
        "userDefined": false
      }
    ],
    "isTemplate": false,
    "count": 0,
    "updated": 0
  },
  {
    "id": "1426d06c-9932-4c97-ac4b-614b9cd29978",
    "data": [
      {
        "text": "please set reminder",
        "userDefined": false
      }
    ],
    "isTemplate": false,
    "count": 0,
    "updated": 0
  },
  {
    "id": "9e63de1c-1ccc-4ab3-b02b-11211220f3d7",
    "data": [
      {
        "text": "please remind me to ",
        "userDefined": false
      },
      {
        "text": "call",
        "alias": "name",
        "meta": "@sys.any",
        "userDefined": true
      }
    ],
    "isTemplate": false,
    "count": 0,
    "updated": 0
  },
  {
    "id": "e22ff21a-5723-4c6e-81c0-f7643a74fabf",
    "data": [
      {
        "text": "remind me later",
        "userDefined": false
      }
    ],
    "isTemplate": false,
    "count": 0,
    "updated": 0
  },
  {
    "id": "e76d1610-ead1-44a8-8bcb-2ca9a759c987",
    "data": [
      {
        "text": "remind me ",
        "userDefined": false
      },
      {
        "text": "tomorrow",
        "alias": "date-time",
        "meta": "@sys.date-time",
        "userDefined": true
      },
      {
        "text": " to ",
        "userDefined": false
      },
      {
        "text": "call",
        "alias": "name",
        "meta": "@sys.any",
        "userDefined": true
      }
    ],
    "isTemplate": false,
    "count": 0,
    "updated": 0
  },
  {
    "id": "a1c9c452-6bed-4f59-ab1d-ab1565247c9f",
    "data": [
      {
        "text": "remind me ",
        "userDefined": false
      },
      {
        "text": "tomorrow at 9 am",
        "alias": "date-time",
        "meta": "@sys.date-time",
        "userDefined": true
      }
    ],
    "isTemplate": false,
    "count": 0,
    "updated": 0
  },
  {
    "id": "36eef446-84ad-44ab-bd32-b13bc4882a51",
    "data": [
      {
        "text": "remind me ",
        "userDefined": false
      },
      {
        "text": "tomorrow",
        "alias": "date-time",
        "meta": "@sys.date-time",
        "userDefined": true
      }
    ],
    "isTemplate": false,
    "count": 0,
    "updated": 0
  },
  {
    "id": "c75d5b94-4577-4c39-bb37-cb47d7c1908d",
    "data": [
      {
        "text": "schedule reminders",
        "userDefined": false
      }
    ],
    "isTemplate": false,
    "count": 0,
    "updated": 0
  },
  {
    "id": "0f74b984-89bf-4724-b088-ad33368ad2bb",
    "data": [
      {
        "text": "remind me to ",
        "userDefined": false
      },
      {
        "text": "wash the car",
        "alias": "name",
        "meta": "@sys.any",
        "userDefined": true
      },
      {
        "text": " ",
        "userDefined": false
      },
      {
        "text": "in 4 hours",
        "alias": "date-time",
        "meta": "@sys.date-time",
        "userDefined": true
      }
    ],
    "isTemplate": false,
    "count": 0,
    "updated": 0
  },
  {
    "id": "3ffc9d0f-e7c8-4379-a50a-386aa2d84a68",
    "data": [
      {
        "text": "remind me to ",
        "userDefined": false
      },
      {
        "text": "check my computer",
        "alias": "name",
        "meta": "@sys.any",
        "userDefined": true
      }
    ],
    "isTemplate": false,
    "count": 0,
    "updated": 0
  },
  {
    "id": "ee460b6c-f1d3-464f-99be-467595f85948",
    "data": [
      {
        "text": "remind me ",
        "userDefined": false
      },
      {
        "text": "nutrition research",
        "alias": "name",
        "meta": "@sys.any",
        "userDefined": true
      },
      {
        "text": " ",
        "userDefined": false
      },
      {
        "text": "tomorrow at 8am",
        "alias": "date-time",
        "meta": "@sys.date-time",
        "userDefined": true
      }
    ],
    "isTemplate": false,
    "count": 0,
    "updated": 0
  },
  {
    "id": "1611165b-4688-42c7-b509-23fe5f1929c9",
    "data": [
      {
        "text": "can you remind me to ",
        "userDefined": false
      },
      {
        "text": "call",
        "alias": "name",
        "meta": "@sys.any",
        "userDefined": true
      }
    ],
    "isTemplate": false,
    "count": 0,
    "updated": 0
  },
  {
    "id": "7bc5b51d-edc5-477d-9e19-3b6a21decb08",
    "data": [
      {
        "text": "I need you to set a reminder for me",
        "userDefined": false
      }
    ],
    "isTemplate": false,
    "count": 0,
    "updated": 0
  },
  {
    "id": "9f910943-ed2a-4eb8-b976-666bcae31152",
    "data": [
      {
        "text": "I would like to set a reminder",
        "userDefined": false
      }
    ],
    "isTemplate": false,
    "count": 0,
    "updated": 0
  },
  {
    "id": "cf9e9c0e-20f8-4a78-b230-4027a468f98b",
    "data": [
      {
        "text": "can you set reminder",
        "userDefined": false
      }
    ],
    "isTemplate": false,
    "count": 0,
    "updated": 0
  },
  {
    "id": "b47d73cf-e9a8-40c9-a630-5472124d04cd",
    "data": [
      {
        "text": "I need to set another reminder",
        "userDefined": false
      }
    ],
    "isTemplate": false,
    "count": 0,
    "updated": 0
  },
  {
    "id": "eecb8052-a08d-400a-8d00-9617278a6b5e",
    "data": [
      {
        "text": "please make a reminder",
        "userDefined": false
      }
    ],
    "isTemplate": false,
    "count": 0,
    "updated": 0
  },
  {
    "id": "9e282b88-dbc2-455e-ad79-c893882a3463",
    "data": [
      {
        "text": "not now remind me later",
        "userDefined": false
      }
    ],
    "isTemplate": false,
    "count": 0,
    "updated": 0
  },
  {
    "id": "46189ca7-d0f4-413a-b32e-968f84166513",
    "data": [
      {
        "text": "remind me at",
        "userDefined": false
      }
    ],
    "isTemplate": false,
    "count": 0,
    "updated": 0
  },
  {
    "id": "94473498-c14e-48f1-abc7-4b0f9217bb53",
    "data": [
      {
        "text": "remind me to ",
        "userDefined": false
      },
      {
        "text": "study",
        "alias": "name",
        "meta": "@sys.any",
        "userDefined": true
      },
      {
        "text": " ",
        "userDefined": false
      },
      {
        "text": "tomorrow",
        "alias": "date-time",
        "meta": "@sys.date-time",
        "userDefined": true
      }
    ],
    "isTemplate": false,
    "count": 0,
    "updated": 0
  },
  {
    "id": "28557c47-2c99-4178-832a-6de01efbd961",
    "data": [
      {
        "text": "make another reminder",
        "userDefined": false
      }
    ],
    "isTemplate": false,
    "count": 0,
    "updated": 0
  },
  {
    "id": "50c7b3b2-e077-46ea-b483-de772fd75021",
    "data": [
      {
        "text": "can I make a reminder",
        "userDefined": false
      }
    ],
    "isTemplate": false,
    "count": 0,
    "updated": 0
  },
  {
    "id": "44f8202a-ec3e-4b80-ae39-e23e6eace5cd",
    "data": [
      {
        "text": "can you add a reminder",
        "userDefined": false
      }
    ],
    "isTemplate": false,
    "count": 0,
    "updated": 0
  },
  {
    "id": "5a2dbb6e-a4dc-404d-a045-b3f3a863a21c",
    "data": [
      {
        "text": "can you set a reminder for me",
        "userDefined": false
      }
    ],
    "isTemplate": false,
    "count": 0,
    "updated": 0
  },
  {
    "id": "73e80d3b-8204-442f-9bd7-6e7e38bff2f2",
    "data": [
      {
        "text": "can you do a reminder for me",
        "userDefined": false
      }
    ],
    "isTemplate": false,
    "count": 0,
    "updated": 0
  },
  {
    "id": "7c93d677-fd56-420a-aa4a-da831f3a43df",
    "data": [
      {
        "text": "I would like to set up a reminder",
        "userDefined": false
      }
    ],
    "isTemplate": false,
    "count": 0,
    "updated": 0
  },
  {
    "id": "5f30d1ab-aba1-4161-99d9-c185ec2dc30f",
    "data": [
      {
        "text": "remind me to ",
        "userDefined": false
      },
      {
        "text": "go to sleep",
        "alias": "name",
        "meta": "@sys.any",
        "userDefined": true
      }
    ],
    "isTemplate": false,
    "count": 0,
    "updated": 0
  },
  {
    "id": "69e2e7ec-3237-4284-8bb1-1ca8493356a7",
    "data": [
      {
        "text": "remind me to ",
        "userDefined": false
      },
      {
        "text": "pay my credit card bill",
        "alias": "name",
        "meta": "@sys.any",
        "userDefined": true
      }
    ],
    "isTemplate": false,
    "count": 0,
    "updated": 0
  },
  {
    "id": "71b8c026-5a05-4f1a-b00a-187d2858d51a",
    "data": [
      {
        "text": "schedule reminder",
        "userDefined": false
      }
    ],
    "isTemplate": false,
    "count": 0,
    "updated": 0
  },
  {
    "id": "2ad0520b-63d5-416d-b164-3bdfd11f4e39",
    "data": [
      {
        "text": "sam",
        "meta": "@sys.ignore",
        "userDefined": true
      },
      {
        "text": " I need a reminder",
        "userDefined": false
      }
    ],
    "isTemplate": false,
    "count": 0,
    "updated": 0
  },
  {
    "id": "a1cd64d6-dbb4-40bf-9b70-edadae9ebde7",
    "data": [
      {
        "text": "set a reminder ",
        "userDefined": false
      },
      {
        "text": "for 1 hour",
        "alias": "date-time",
        "meta": "@sys.date-time",
        "userDefined": true
      }
    ],
    "isTemplate": false,
    "count": 0,
    "updated": 0
  },
  {
    "id": "a30953c0-0131-4424-b5f4-6c21c4b663e0",
    "data": [
      {
        "text": "remind me ",
        "userDefined": false
      },
      {
        "text": "from monday till wednesday",
        "alias": "date-time",
        "meta": "@sys.date-time",
        "userDefined": true
      }
    ],
    "isTemplate": false,
    "count": 0,
    "updated": 0
  },
  {
    "id": "c7fbb3b6-6057-4ffb-b0c4-a75eac64cb96",
    "data": [
      {
        "text": "set new reminder",
        "userDefined": false
      }
    ],
    "isTemplate": false,
    "count": 0,
    "updated": 0
  },
  {
    "id": "40065799-57e1-49a0-8128-2b743eed44b1",
    "data": [
      {
        "text": "set the reminder",
        "userDefined": false
      }
    ],
    "isTemplate": false,
    "count": 0,
    "updated": 0
  },
  {
    "id": "4530ebc1-8da7-41a6-a4d0-1be1f9a5617c",
    "data": [
      {
        "text": "set reminder for ",
        "userDefined": false
      },
      {
        "text": "tomorrow morning",
        "alias": "date-time",
        "meta": "@sys.date-time",
        "userDefined": true
      }
    ],
    "isTemplate": false,
    "count": 0,
    "updated": 0
  },
  {
    "id": "8a9ae200-9506-4618-82cb-c02d3c7d2b4e",
    "data": [
      {
        "text": "remind me about ",
        "userDefined": false
      },
      {
        "text": "exams",
        "alias": "name",
        "meta": "@sys.any",
        "userDefined": true
      },
      {
        "text": " ",
        "userDefined": false
      },
      {
        "text": "every Friday",
        "alias": "recurrence",
        "meta": "@recurrence",
        "userDefined": true
      },
      {
        "text": " at ",
        "userDefined": false
      },
      {
        "text": "7 pm",
        "alias": "date-time",
        "meta": "@sys.date-time",
        "userDefined": true
      }
    ],
    "isTemplate": false,
    "count": 0,
    "updated": 0
  },
  {
    "id": "516b0f68-1b7d-41db-b1b6-23ee1198809c",
    "data": [
      {
        "text": "add a new reminder",
        "userDefined": false
      }
    ],
    "isTemplate": false,
    "count": 0,
    "updated": 0
  },
  {
    "id": "046d60af-1c0f-4521-b892-19511e91edf5",
    "data": [
      {
        "text": "set reminder about ",
        "userDefined": false
      },
      {
        "text": "dog walking",
        "alias": "name",
        "meta": "@sys.any",
        "userDefined": true
      },
      {
        "text": " repeat it ",
        "userDefined": false
      },
      {
        "text": "every day",
        "alias": "recurrence",
        "meta": "@recurrence",
        "userDefined": true
      },
      {
        "text": " at ",
        "userDefined": false
      },
      {
        "text": "9 am",
        "alias": "date-time",
        "meta": "@sys.date-time",
        "userDefined": true
      }
    ],
    "isTemplate": false,
    "count": 0,
    "updated": 0
  },
  {
    "id": "a561f56c-b5cd-4db3-91a3-dd2ce84055fd",
    "data": [
      {
        "text": "remind me to ",
        "userDefined": false
      },
      {
        "text": "have a dinner",
        "alias": "name",
        "meta": "@sys.any",
        "userDefined": true
      },
      {
        "text": " ",
        "userDefined": false
      },
      {
        "text": "every sunday",
        "alias": "recurrence",
        "meta": "@recurrence",
        "userDefined": true
      },
      {
        "text": " at ",
        "userDefined": false
      },
      {
        "text": "8 am",
        "alias": "date-time",
        "meta": "@sys.date-time",
        "userDefined": true
      }
    ],
    "isTemplate": false,
    "count": 0,
    "updated": 0
  },
  {
    "id": "9d27c304-e597-4125-933d-4def03ce46f9",
    "data": [
      {
        "text": "can you remind me to",
        "userDefined": false
      }
    ],
    "isTemplate": false,
    "count": 0,
    "updated": 0
  },
  {
    "id": "9c5981ff-cf91-4908-97d7-2ac5ff55d65d",
    "data": [
      {
        "text": "I need to add a reminder",
        "userDefined": false
      }
    ],
    "isTemplate": false,
    "count": 0,
    "updated": 0
  },
  {
    "id": "4de63d97-ea91-438c-81ed-cade4134be9a",
    "data": [
      {
        "text": "remind me to ",
        "userDefined": false
      },
      {
        "text": "take medicine",
        "alias": "name",
        "meta": "@sys.any",
        "userDefined": true
      }
    ],
    "isTemplate": false,
    "count": 0,
    "updated": 0
  },
  {
    "id": "d47ab22e-8941-476d-90e6-e0e589b40f8b",
    "data": [
      {
        "text": "remind me to ",
        "userDefined": false
      },
      {
        "text": "turn the lights on",
        "alias": "name",
        "meta": "@sys.any",
        "userDefined": true
      },
      {
        "text": " at ",
        "userDefined": false
      },
      {
        "text": "8 pm",
        "alias": "date-time",
        "meta": "@sys.date-time",
        "userDefined": true
      }
    ],
    "isTemplate": false,
    "count": 0,
    "updated": 0
  },
  {
    "id": "daeddba2-1d0f-4358-a538-b9875e182bad",
    "data": [
      {
        "text": "remind me I have a ",
        "userDefined": false
      },
      {
        "text": "meeting",
        "alias": "name",
        "meta": "@sys.any",
        "userDefined": true
      }
    ],
    "isTemplate": false,
    "count": 0,
    "updated": 0
  },
  {
    "id": "57c4a586-c2aa-4b3a-b731-dfca7468a66b",
    "data": [
      {
        "text": "remind me ",
        "userDefined": false
      },
      {
        "text": "on",
        "meta": "@sys.ignore",
        "userDefined": true
      }
    ],
    "isTemplate": false,
    "count": 0,
    "updated": 0
  },
  {
    "id": "73cfffe0-78b2-4b34-b097-d306d0d6f76d",
    "data": [
      {
        "text": "remind me to ",
        "userDefined": false
      },
      {
        "text": "wake up",
        "alias": "name",
        "meta": "@sys.any",
        "userDefined": true
      },
      {
        "text": " at ",
        "userDefined": false
      },
      {
        "text": "6 am",
        "alias": "date-time",
        "meta": "@sys.date-time",
        "userDefined": true
      }
    ],
    "isTemplate": false,
    "count": 0,
    "updated": 0
  },
  {
    "id": "779851b1-433e-4a4c-8035-97301b76ee63",
    "data": [
      {
        "text": "remind me about ",
        "userDefined": false
      },
      {
        "text": "dinner",
        "alias": "name",
        "meta": "@sys.any",
        "userDefined": true
      },
      {
        "text": " ",
        "userDefined": false
      },
      {
        "text": "in 1hour",
        "alias": "date-time",
        "meta": "@sys.date-time",
        "userDefined": true
      }
    ],
    "isTemplate": false,
    "count": 0,
    "updated": 0
  },
  {
    "id": "29433967-86d9-4727-9c72-becfef3f3b32",
    "data": [
      {
        "text": "remind me about ",
        "userDefined": false
      },
      {
        "text": "dinner",
        "alias": "name",
        "meta": "@sys.any",
        "userDefined": true
      },
      {
        "text": " at ",
        "userDefined": false
      },
      {
        "text": "15.23",
        "alias": "date-time",
        "meta": "@sys.date-time",
        "userDefined": true
      }
    ],
    "isTemplate": false,
    "count": 0,
    "updated": 0
  },
  {
    "id": "bbe887d4-d3c9-4e4c-81ea-996bc7f1c378",
    "data": [
      {
        "text": "add reminder with title ",
        "userDefined": false
      },
      {
        "text": "washing car",
        "alias": "name",
        "meta": "@sys.any",
        "userDefined": true
      }
    ],
    "isTemplate": false,
    "count": 0,
    "updated": 0
  },
  {
    "id": "02d87a2f-733e-4900-96be-3a7b030f5641",
    "data": [
      {
        "text": "remind me",
        "userDefined": false
      }
    ],
    "isTemplate": false,
    "count": 0,
    "updated": 0
  },
  {
    "id": "4bae2325-ea7b-4291-bdb7-90f575f9410b",
    "data": [
      {
        "text": "remind about ",
        "userDefined": false
      },
      {
        "text": "party",
        "alias": "name",
        "meta": "@sys.any",
        "userDefined": true
      },
      {
        "text": " at ",
        "userDefined": false
      },
      {
        "text": "12 pm on Friday",
        "alias": "date-time",
        "meta": "@sys.date-time",
        "userDefined": true
      }
    ],
    "isTemplate": false,
    "count": 0,
    "updated": 0
  },
  {
    "id": "48f30bc4-00cc-4c0b-9d67-774dfa02a5ea",
    "data": [
      {
        "text": "reminder to ",
        "userDefined": false
      },
      {
        "text": "play with my cat",
        "alias": "name",
        "meta": "@sys.any",
        "userDefined": true
      },
      {
        "text": " ",
        "userDefined": false
      },
      {
        "text": "every workday",
        "alias": "recurrence",
        "meta": "@recurrence",
        "userDefined": true
      },
      {
        "text": " at ",
        "userDefined": false
      },
      {
        "text": "7 pm",
        "alias": "date-time",
        "meta": "@sys.date-time",
        "userDefined": true
      }
    ],
    "isTemplate": false,
    "count": 0,
    "updated": 0
  },
  {
    "id": "fd4247e9-e948-42d8-a466-64006296c27b",
    "data": [
      {
        "text": "reminder for ",
        "userDefined": false
      },
      {
        "text": "today",
        "alias": "date-time",
        "meta": "@sys.date-time",
        "userDefined": true
      }
    ],
    "isTemplate": false,
    "count": 0,
    "updated": 0
  },
  {
    "id": "360860ce-5c11-4991-8ea3-17cfdf0e000d",
    "data": [
      {
        "text": "set reminder for ",
        "userDefined": false
      },
      {
        "text": "7 am tomorrow",
        "alias": "date-time",
        "meta": "@sys.date-time",
        "userDefined": true
      },
      {
        "text": " ",
        "userDefined": false
      },
      {
        "text": "yoga",
        "alias": "name",
        "meta": "@sys.any",
        "userDefined": true
      }
    ],
    "isTemplate": false,
    "count": 0,
    "updated": 0
  },
  {
    "id": "005e7658-f63f-42a3-8dfa-445e62da27a9",
    "data": [
      {
        "text": "remind me to ",
        "userDefined": false
      },
      {
        "text": "go to bed",
        "alias": "name",
        "meta": "@sys.any",
        "userDefined": true
      },
      {
        "text": " ",
        "userDefined": false
      },
      {
        "text": "in 5 minutes",
        "alias": "date-time",
        "meta": "@sys.date-time",
        "userDefined": true
      }
    ],
    "isTemplate": false,
    "count": 1,
    "updated": 0
  },
  {
    "id": "2d78b364-2275-4980-8196-4f00439db55b",
    "data": [
      {
        "text": "could you remind me",
        "userDefined": false
      }
    ],
    "isTemplate": false,
    "count": 0,
    "updated": 0
  },
  {
    "id": "b7c9c986-2021-4ee2-b60b-c476f0b9a2b0",
    "data": [
      {
        "text": "I need a reminder ",
        "userDefined": false
      },
      {
        "text": "tomorrow",
        "alias": "date-time",
        "meta": "@sys.date-time",
        "userDefined": true
      }
    ],
    "isTemplate": false,
    "count": 0,
    "updated": 0
  },
  {
    "id": "877bec03-1768-4a2e-ac70-abfd8181c77a",
    "data": [
      {
        "text": "I need you to remind me something",
        "userDefined": false
      }
    ],
    "isTemplate": false,
    "count": 0,
    "updated": 0
  },
  {
    "id": "d61d842f-2687-4efa-bc57-236455f6b91b",
    "data": [
      {
        "text": "I want you to remind me something",
        "userDefined": false
      }
    ],
    "isTemplate": false,
    "count": 0,
    "updated": 0
  },
  {
    "id": "c18677e0-a300-4b0f-8d27-ba38df801142",
    "data": [
      {
        "text": "remind me ",
        "userDefined": false
      },
      {
        "text": "Friday",
        "alias": "date-time",
        "meta": "@sys.date-time",
        "userDefined": true
      }
    ],
    "isTemplate": false,
    "count": 0,
    "updated": 0
  },
  {
    "id": "e4742c04-c1db-429c-9d1f-37561847242f",
    "data": [
      {
        "text": "remind me to",
        "userDefined": false
      }
    ],
    "isTemplate": false,
    "count": 0,
    "updated": 0
  },
  {
    "id": "a3d980a6-7a82-43b7-bdf9-24c57d12a722",
    "data": [
      {
        "text": "set a reminder for ",
        "userDefined": false
      },
      {
        "text": "8 am",
        "alias": "date-time",
        "meta": "@sys.date-time",
        "userDefined": true
      }
    ],
    "isTemplate": false,
    "count": 0,
    "updated": 0
  },
  {
    "id": "69f9cea8-2707-4108-b41b-13eeb3d3046e",
    "data": [
      {
        "text": "set my reminders",
        "userDefined": false
      }
    ],
    "isTemplate": false,
    "count": 0,
    "updated": 0
  },
  {
    "id": "609da048-db87-4d32-9779-3e0b8e70fd32",
    "data": [
      {
        "text": "remind me ",
        "userDefined": false
      },
      {
        "text": "today",
        "alias": "date-time",
        "meta": "@sys.date-time",
        "userDefined": true
      }
    ],
    "isTemplate": false,
    "count": 0,
    "updated": 0
  },
  {
    "id": "59e2439d-c385-404a-b825-64ddd1628fb3",
    "data": [
      {
        "text": "set reminder set reminder",
        "userDefined": false
      }
    ],
    "isTemplate": false,
    "count": 0,
    "updated": 0
  },
  {
    "id": "a26ad49c-1a5b-4c16-87fe-7c9c060cd4b6",
    "data": [
      {
        "text": "setup a reminder",
        "userDefined": false
      }
    ],
    "isTemplate": false,
    "count": 0,
    "updated": 0
  },
  {
    "id": "11b81521-bfdf-4195-a68c-fb6b316994c5",
    "data": [
      {
        "text": "remind me to ",
        "userDefined": false
      },
      {
        "text": "vitamin D",
        "alias": "name",
        "meta": "@sys.any",
        "userDefined": true
      },
      {
        "text": " at ",
        "userDefined": false
      },
      {
        "text": "7 pm",
        "alias": "date-time",
        "meta": "@sys.date-time",
        "userDefined": true
      },
      {
        "text": " ",
        "userDefined": false
      },
      {
        "text": "every day",
        "alias": "recurrence",
        "meta": "@recurrence",
        "userDefined": true
      }
    ],
    "isTemplate": false,
    "count": 0,
    "updated": 0
  },
  {
    "id": "9b87a36c-3599-4356-8bd9-acf34c0a796d",
    "data": [
      {
        "text": "remind me to ",
        "userDefined": false
      },
      {
        "text": "see the table",
        "alias": "name",
        "meta": "@sys.any",
        "userDefined": true
      },
      {
        "text": " ",
        "userDefined": false
      },
      {
        "text": "in 5 minutes",
        "alias": "date-time",
        "meta": "@sys.date-time",
        "userDefined": true
      }
    ],
    "isTemplate": false,
    "count": 0,
    "updated": 0
  },
  {
    "id": "9efc559f-ba0c-49a1-890c-41df2ba9c51a",
    "data": [
      {
        "text": "don\u0027t",
        "meta": "@sys.ignore",
        "userDefined": false
      },
      {
        "text": " let ",
        "userDefined": false
      },
      {
        "text": "me",
        "meta": "@sys.ignore",
        "userDefined": false
      },
      {
        "text": " forget ",
        "userDefined": false
      },
      {
        "text": "to",
        "meta": "@sys.ignore",
        "userDefined": false
      },
      {
        "text": " ",
        "userDefined": false
      },
      {
        "text": "pick up milk",
        "alias": "name",
        "meta": "@sys.any",
        "userDefined": true
      },
      {
        "text": " ",
        "userDefined": false
      },
      {
        "text": "today",
        "alias": "date-time",
        "meta": "@sys.date-time",
        "userDefined": false
      }
    ],
    "isTemplate": false,
    "count": 1,
    "updated": 0
  },
  {
    "id": "0941de7b-e999-418e-abbc-3d75be9fdeba",
    "data": [
      {
        "text": "I would like to add a reminder",
        "userDefined": false
      }
    ],
    "isTemplate": false,
    "count": 0,
    "updated": 0
  },
  {
    "id": "7bec4919-c3cf-4139-a981-2d002fb8f78d",
    "data": [
      {
        "text": "remind me about something",
        "userDefined": false
      }
    ],
    "isTemplate": false,
    "count": 0,
    "updated": 0
  },
  {
    "id": "4f41bd11-fc9b-46bf-8f65-628b59fd1376",
    "data": [
      {
        "text": "reminder for me",
        "userDefined": false
      }
    ],
    "isTemplate": false,
    "count": 0,
    "updated": 0
  },
  {
    "id": "a87314f2-1b7c-4845-8961-857051759f72",
    "data": [
      {
        "text": "remind me to ",
        "userDefined": false
      },
      {
        "text": "wear green on st. patrick’s day",
        "alias": "name",
        "meta": "@sys.any",
        "userDefined": true
      }
    ],
    "isTemplate": false,
    "count": 0,
    "updated": 0
  },
  {
    "id": "c6d21944-2e47-4551-a960-186ea764f11b",
    "data": [
      {
        "text": "set up reminder",
        "userDefined": false
      }
    ],
    "isTemplate": false,
    "count": 0,
    "updated": 0
  },
  {
    "id": "adba7333-2e3d-4f7e-b311-6053de0099b8",
    "data": [
      {
        "text": "will",
        "meta": "@sys.ignore",
        "userDefined": true
      },
      {
        "text": " you set a reminder for me",
        "userDefined": false
      }
    ],
    "isTemplate": false,
    "count": 0,
    "updated": 0
  },
  {
    "id": "9afecb1d-dd89-4b5b-8df6-2ddf75f3e4fa",
    "data": [
      {
        "text": "remind me to ",
        "userDefined": false
      },
      {
        "text": "visit my family",
        "alias": "name",
        "meta": "@sys.any",
        "userDefined": true
      },
      {
        "text": " on ",
        "userDefined": false
      },
      {
        "text": "Thanksgiving day",
        "alias": "date-time",
        "meta": "@sys.date-time",
        "userDefined": true
      }
    ],
    "isTemplate": false,
    "count": 0,
    "updated": 0
  },
  {
    "id": "ffaad8c3-ab0f-48b1-b350-4d1c542f5029",
    "data": [
      {
        "text": "set reminder ",
        "userDefined": false
      },
      {
        "text": "buy milk",
        "alias": "name",
        "meta": "@sys.any",
        "userDefined": true
      },
      {
        "text": " for ",
        "userDefined": false
      },
      {
        "text": "every Monday and Wednesday",
        "alias": "recurrence",
        "meta": "@recurrence",
        "userDefined": true
      },
      {
        "text": " at ",
        "userDefined": false
      },
      {
        "text": "5 pm",
        "alias": "date-time",
        "meta": "@sys.date-time",
        "userDefined": true
      }
    ],
    "isTemplate": false,
    "count": 7,
    "updated": 0
  },
  {
    "id": "2bad56da-cf0f-4386-b9fc-f93a22ddf960",
    "data": [
      {
        "text": "remind me about the ",
        "userDefined": false
      },
      {
        "text": "teacher meeting",
        "alias": "name",
        "meta": "@sys.any",
        "userDefined": true
      },
      {
        "text": " on ",
        "userDefined": false
      },
      {
        "text": "Friday",
        "alias": "date-time",
        "meta": "@sys.date-time",
        "userDefined": true
      }
    ],
    "isTemplate": false,
    "count": 0,
    "updated": 0
  },
  {
    "id": "4eb14093-377d-4995-b707-1b26f0826bc6",
    "data": [
      {
        "text": "help me remind me to ",
        "userDefined": false
      },
      {
        "text": "call Bae",
        "alias": "name",
        "meta": "@sys.any",
        "userDefined": true
      },
      {
        "text": " ",
        "userDefined": false
      },
      {
        "text": "tomorrow at 9",
        "alias": "date-time",
        "meta": "@sys.date-time",
        "userDefined": true
      }
    ],
    "isTemplate": false,
    "count": 0,
    "updated": 0
  },
  {
    "id": "25e72ad2-66f9-4453-a63b-cfb0f5a10426",
    "data": [
      {
        "text": "remind me at ",
        "userDefined": false
      },
      {
        "text": "7pm on November 11",
        "alias": "date-time",
        "meta": "@sys.date-time",
        "userDefined": true
      },
      {
        "text": " to ",
        "userDefined": false
      },
      {
        "text": "do homework",
        "alias": "name",
        "meta": "@sys.any",
        "userDefined": true
      }
    ],
    "isTemplate": false,
    "count": 0,
    "updated": 0
  },
  {
    "id": "9df020bb-e6fe-4c7a-a1f2-7ff847562a62",
    "data": [
      {
        "text": "remind ",
        "userDefined": false
      },
      {
        "text": "about",
        "meta": "@sys.ignore",
        "userDefined": false
      },
      {
        "text": " ",
        "userDefined": false
      },
      {
        "text": "holidays one day before",
        "alias": "name",
        "meta": "@sys.any",
        "userDefined": true
      }
    ],
    "isTemplate": false,
    "count": 0,
    "updated": 0
  },
  {
    "id": "ff5ceec5-9c36-42c7-a0de-358378c94516",
    "data": [
      {
        "text": "remind me ",
        "userDefined": false
      },
      {
        "text": "on weekdays",
        "alias": "recurrence",
        "meta": "@recurrence",
        "userDefined": true
      }
    ],
    "isTemplate": false,
    "count": 0,
    "updated": 0
  },
  {
    "id": "89b4f1bc-7489-4ae5-8073-2b61015d907b",
    "data": [
      {
        "text": "remind me to ",
        "userDefined": false
      },
      {
        "text": "go running",
        "alias": "name",
        "meta": "@sys.any",
        "userDefined": true
      },
      {
        "text": " at ",
        "userDefined": false
      },
      {
        "text": "6 AM",
        "alias": "date-time",
        "meta": "@sys.date-time",
        "userDefined": true
      }
    ],
    "isTemplate": false,
    "count": 0,
    "updated": 0
  },
  {
    "id": "0de0614f-cd2f-4759-8a65-0f3fe64a6415",
    "data": [
      {
        "text": "schedule a reminder",
        "userDefined": false
      }
    ],
    "isTemplate": false,
    "count": 0,
    "updated": 0
  },
  {
    "id": "6110f686-2692-4c9b-bf3d-212e38c4b18d",
    "data": [
      {
        "text": "remind me to ",
        "userDefined": false
      },
      {
        "text": "wash my car",
        "alias": "name",
        "meta": "@sys.any",
        "userDefined": true
      }
    ],
    "isTemplate": false,
    "count": 0,
    "updated": 0
  },
  {
    "id": "16706b8d-ca1b-4e62-9764-0f0e89794ea3",
    "data": [
      {
        "text": "can you remind me ",
        "userDefined": false
      },
      {
        "text": "of",
        "meta": "@sys.ignore",
        "userDefined": true
      },
      {
        "text": " an ",
        "userDefined": false
      },
      {
        "text": "appointment",
        "alias": "name",
        "meta": "@sys.any",
        "userDefined": true
      }
    ],
    "isTemplate": false,
    "count": 0,
    "updated": 0
  },
  {
    "id": "a5005c00-93ef-4aed-8b92-9fd3c20e9698",
    "data": [
      {
        "text": "can you remind me something ",
        "userDefined": false
      },
      {
        "text": "tomorrow",
        "alias": "date-time",
        "meta": "@sys.date-time",
        "userDefined": true
      }
    ],
    "isTemplate": false,
    "count": 0,
    "updated": 0
  },
  {
    "id": "ecf22322-b460-49d5-9e27-5c0a8eaa385e",
    "data": [
      {
        "text": "create reminder",
        "userDefined": false
      }
    ],
    "isTemplate": false,
    "count": 0,
    "updated": 0
  },
  {
    "id": "069dbc9e-f133-4efd-8b76-c908d70497a1",
    "data": [
      {
        "text": "can you set reminders",
        "userDefined": false
      }
    ],
    "isTemplate": false,
    "count": 0,
    "updated": 0
  },
  {
    "id": "c6e6f7b6-3721-49bd-94bf-9d5265f88365",
    "data": [
      {
        "text": "remind me ",
        "userDefined": false
      },
      {
        "text": "of",
        "meta": "@sys.ignore",
        "userDefined": true
      },
      {
        "text": " ",
        "userDefined": false
      },
      {
        "text": "appointment",
        "alias": "name",
        "meta": "@sys.any",
        "userDefined": true
      }
    ],
    "isTemplate": false,
    "count": 0,
    "updated": 0
  },
  {
    "id": "08648f5c-7448-46b8-be6f-f4147482af7a",
    "data": [
      {
        "text": "remind me to ",
        "userDefined": false
      },
      {
        "text": "buy bread",
        "alias": "name",
        "meta": "@sys.any",
        "userDefined": true
      },
      {
        "text": " ",
        "userDefined": false
      },
      {
        "text": "at 11 am tomorrow",
        "alias": "date-time",
        "meta": "@sys.date-time",
        "userDefined": true
      }
    ],
    "isTemplate": false,
    "count": 0,
    "updated": 0
  },
  {
    "id": "e1cfa038-ecc2-4b9c-8ae6-b96cb8b9cfe0",
    "data": [
      {
        "text": "remind me to ",
        "userDefined": false
      },
      {
        "text": "call mom",
        "alias": "name",
        "meta": "@sys.any",
        "userDefined": true
      },
      {
        "text": " on ",
        "userDefined": false
      },
      {
        "text": "Christmas",
        "alias": "date-time",
        "meta": "@sys.date-time",
        "userDefined": true
      }
    ],
    "isTemplate": false,
    "count": 0,
    "updated": 0
  },
  {
    "id": "8776abd8-17a8-4de7-a4f9-bdfbd93032c2",
    "data": [
      {
        "text": "remind me on the ",
        "userDefined": false
      },
      {
        "text": "27th of August",
        "alias": "date-time",
        "meta": "@sys.date-time",
        "userDefined": true
      },
      {
        "text": " ",
        "userDefined": false
      },
      {
        "text": "Tomy flight",
        "alias": "name",
        "meta": "@sys.any",
        "userDefined": true
      }
    ],
    "isTemplate": false,
    "count": 0,
    "updated": 0
  },
  {
    "id": "30f9337c-b305-48ed-b62d-6db0386fc567",
    "data": [
      {
        "text": "set reminder about ",
        "userDefined": false
      },
      {
        "text": "washing car",
        "alias": "name",
        "meta": "@sys.any",
        "userDefined": true
      }
    ],
    "isTemplate": false,
    "count": 0,
    "updated": 0
  },
  {
    "id": "3cfe13a6-421a-4070-a7bb-0a1d239bbc15",
    "data": [
      {
        "text": "remind me of a ",
        "userDefined": false
      },
      {
        "text": "meeting",
        "alias": "name",
        "meta": "@sys.any",
        "userDefined": true
      },
      {
        "text": " on the ",
        "userDefined": false
      },
      {
        "text": "27th of August",
        "alias": "date-time",
        "meta": "@sys.date-time",
        "userDefined": true
      }
    ],
    "isTemplate": false,
    "count": 0,
    "updated": 0
  },
  {
    "id": "4ca8a15f-20c7-4552-acac-4cc4b28736c6",
    "data": [
      {
        "text": "remind me to ",
        "userDefined": false
      },
      {
        "text": "drink some water",
        "alias": "name",
        "meta": "@sys.any",
        "userDefined": true
      },
      {
        "text": " ",
        "userDefined": false
      },
      {
        "text": "in 5 minutes",
        "alias": "date-time",
        "meta": "@sys.date-time",
        "userDefined": true
      }
    ],
    "isTemplate": false,
    "count": 0,
    "updated": 0
  },
  {
    "id": "83425307-7daf-4fdc-8c7e-ba1382e6687c",
    "data": [
      {
        "text": "set reminder for ",
        "userDefined": false
      },
      {
        "text": "tomorrow",
        "alias": "date-time",
        "meta": "@sys.date-time",
        "userDefined": true
      }
    ],
    "isTemplate": false,
    "count": 1,
    "updated": 0
  },
  {
    "id": "d96e8b7c-637f-4ca3-a72d-be6422df264d",
    "data": [
      {
        "text": "remind ",
        "userDefined": false
      },
      {
        "text": "me",
        "meta": "@sys.ignore",
        "userDefined": false
      },
      {
        "text": " that ",
        "userDefined": false
      },
      {
        "text": "I have",
        "meta": "@sys.ignore",
        "userDefined": false
      },
      {
        "text": " a ",
        "userDefined": false
      },
      {
        "text": "doctor\u0027s appointment",
        "alias": "name",
        "meta": "@sys.any",
        "userDefined": false
      }
    ],
    "isTemplate": false,
    "count": 0,
    "updated": 0
  },
  {
    "id": "43954283-0235-4ba4-8862-03e8a409a7f2",
    "data": [
      {
        "text": "reminder for ",
        "userDefined": false
      },
      {
        "text": "4.15 pm today",
        "alias": "date-time",
        "meta": "@sys.date-time",
        "userDefined": true
      },
      {
        "text": " ",
        "userDefined": false
      },
      {
        "text": "visit grandma",
        "alias": "name",
        "meta": "@sys.any",
        "userDefined": true
      },
      {
        "text": " please",
        "userDefined": false
      }
    ],
    "isTemplate": false,
    "count": 0,
    "updated": 0
  },
  {
    "id": "d4b2da02-4289-45a5-b549-594b03076cd3",
    "data": [
      {
        "text": "remind ",
        "userDefined": false
      },
      {
        "text": "me",
        "meta": "@sys.ignore",
        "userDefined": true
      },
      {
        "text": " ",
        "userDefined": false
      },
      {
        "text": "about",
        "meta": "@sys.ignore",
        "userDefined": true
      },
      {
        "text": " the ",
        "userDefined": false
      },
      {
        "text": "parent/teacher meeting",
        "alias": "name",
        "meta": "@sys.any",
        "userDefined": true
      },
      {
        "text": " on ",
        "userDefined": false
      },
      {
        "text": "Friday",
        "alias": "date-time",
        "meta": "@sys.date-time",
        "userDefined": true
      }
    ],
    "isTemplate": false,
    "count": 0,
    "updated": 0
  },
  {
    "id": "d3091195-e379-4b4f-aee1-6f4586e42ef9",
    "data": [
      {
        "text": "new reminder about ",
        "userDefined": false
      },
      {
        "text": "fitness",
        "alias": "name",
        "meta": "@sys.any",
        "userDefined": true
      }
    ],
    "isTemplate": false,
    "count": 0,
    "updated": 0
  },
  {
    "id": "326572d1-2573-41c4-8289-0c41b642a928",
    "data": [
      {
        "text": "can you make a reminder",
        "userDefined": false
      }
    ],
    "isTemplate": false,
    "count": 0,
    "updated": 0
  },
  {
    "id": "3716286d-05be-44bf-ac91-563e4d61a82c",
    "data": [
      {
        "text": "can you make me a reminder",
        "userDefined": false
      }
    ],
    "isTemplate": false,
    "count": 0,
    "updated": 0
  },
  {
    "id": "3b56d100-719c-492a-89a7-5e79da87751d",
    "data": [
      {
        "text": "remind me ",
        "userDefined": false
      },
      {
        "text": "on weekend",
        "alias": "date-time",
        "meta": "@sys.date-time",
        "userDefined": true
      }
    ],
    "isTemplate": false,
    "count": 0,
    "updated": 0
  },
  {
    "id": "f2251cf2-26a5-4dca-af17-4bce910fa80c",
    "data": [
      {
        "text": "remind me ",
        "userDefined": false
      },
      {
        "text": "of",
        "meta": "@sys.ignore",
        "userDefined": true
      },
      {
        "text": " my ",
        "userDefined": false
      },
      {
        "text": "appointment",
        "alias": "name",
        "meta": "@sys.any",
        "userDefined": true
      }
    ],
    "isTemplate": false,
    "count": 0,
    "updated": 0
  },
  {
    "id": "df27c38b-e89a-41c1-8871-170febf09e68",
    "data": [
      {
        "text": "remind me to ",
        "userDefined": false
      },
      {
        "text": "go to the doctor",
        "alias": "name",
        "meta": "@sys.any",
        "userDefined": true
      }
    ],
    "isTemplate": false,
    "count": 0,
    "updated": 0
  },
  {
    "id": "1de3bf45-4fdb-4407-9ac4-c7c62d8d74b7",
    "data": [
      {
        "text": "remind me to ",
        "userDefined": false
      },
      {
        "text": "wake up",
        "alias": "name",
        "meta": "@sys.any",
        "userDefined": true
      },
      {
        "text": " ",
        "userDefined": false
      },
      {
        "text": "tomorrow",
        "alias": "date-time",
        "meta": "@sys.date-time",
        "userDefined": true
      }
    ],
    "isTemplate": false,
    "count": 0,
    "updated": 0
  },
  {
    "id": "86974b67-adc1-4cee-b875-679e0b4fecb0",
    "data": [
      {
        "text": "set up a reminder",
        "userDefined": false
      }
    ],
    "isTemplate": false,
    "count": 0,
    "updated": 0
  },
  {
    "id": "c86560ef-733b-4001-b503-512fe1311d93",
    "data": [
      {
        "text": "new reminder for ",
        "userDefined": false
      },
      {
        "text": "every day",
        "alias": "recurrence",
        "meta": "@recurrence",
        "userDefined": true
      }
    ],
    "isTemplate": false,
    "count": 0,
    "updated": 0
  },
  {
    "id": "15913981-e2fd-4ea5-9566-25e3cde7bd4c",
    "data": [
      {
        "text": "remind me ",
        "userDefined": false
      },
      {
        "text": "in 15 minutes",
        "alias": "date-time",
        "meta": "@sys.date-time",
        "userDefined": true
      },
      {
        "text": " to ",
        "userDefined": false
      },
      {
        "text": "go to the bar",
        "alias": "name",
        "meta": "@sys.any",
        "userDefined": true
      }
    ],
    "isTemplate": false,
    "count": 0,
    "updated": 0
  },
  {
    "id": "9bd875a1-7d6c-433f-b39c-c5f267b16642",
    "data": [
      {
        "text": "remind me to ",
        "userDefined": false
      },
      {
        "text": "go to work",
        "alias": "name",
        "meta": "@sys.any",
        "userDefined": true
      },
      {
        "text": " the ",
        "userDefined": false
      },
      {
        "text": "19th of August",
        "alias": "date-time",
        "meta": "@sys.date-time",
        "userDefined": true
      }
    ],
    "isTemplate": false,
    "count": 0,
    "updated": 0
  },
  {
    "id": "fabe01a5-2a68-46e7-a8db-7907069679c7",
    "data": [
      {
        "text": "can you please remind me to ",
        "userDefined": false
      },
      {
        "text": "take my medication",
        "alias": "name",
        "meta": "@sys.any",
        "userDefined": true
      },
      {
        "text": " ",
        "userDefined": false
      },
      {
        "text": "every morning",
        "alias": "recurrence",
        "meta": "@recurrence",
        "userDefined": true
      },
      {
        "text": " at ",
        "userDefined": false
      },
      {
        "text": "7:00",
        "alias": "date-time",
        "meta": "@sys.date-time",
        "userDefined": true
      }
    ],
    "isTemplate": false,
    "count": 0,
    "updated": 0
  },
  {
    "id": "06972234-9481-4b88-837e-9dd22dbe9653",
    "data": [
      {
        "text": "remind me to ",
        "userDefined": false
      },
      {
        "text": "boil water",
        "alias": "name",
        "meta": "@sys.any",
        "userDefined": true
      },
      {
        "text": " ",
        "userDefined": false
      },
      {
        "text": "every morning",
        "alias": "recurrence",
        "meta": "@recurrence",
        "userDefined": true
      },
      {
        "text": " by ",
        "userDefined": false
      },
      {
        "text": "7 a.m.",
        "alias": "date-time",
        "meta": "@sys.date-time",
        "userDefined": true
      }
    ],
    "isTemplate": false,
    "count": 0,
    "updated": 0
  },
  {
    "id": "228295e2-3f46-4acc-8a14-6f818aae3994",
    "data": [
      {
        "text": "new reminder ",
        "userDefined": false
      },
      {
        "text": "eat an apple",
        "alias": "name",
        "meta": "@sys.any",
        "userDefined": true
      },
      {
        "text": " ",
        "userDefined": false
      },
      {
        "text": "every day",
        "alias": "recurrence",
        "meta": "@recurrence",
        "userDefined": true
      },
      {
        "text": " at ",
        "userDefined": false
      },
      {
        "text": "9 am",
        "alias": "date-time",
        "meta": "@sys.date-time",
        "userDefined": true
      }
    ],
    "isTemplate": false,
    "count": 0,
    "updated": 0
  },
  {
    "id": "60ed7d3b-f491-4e28-9518-b08ed7a7c5c4",
    "data": [
      {
        "text": "add reminder for me",
        "userDefined": false
      }
    ],
    "isTemplate": false,
    "count": 0,
    "updated": 0
  },
  {
    "id": "4f9736f5-ff68-4b4b-9ba4-007a43ebb896",
    "data": [
      {
        "text": "remind me to ",
        "userDefined": false
      },
      {
        "text": "buy shoes in Paris",
        "alias": "name",
        "meta": "@sys.any",
        "userDefined": true
      }
    ],
    "isTemplate": false,
    "count": 0,
    "updated": 0
  },
  {
    "id": "75d71440-099d-431f-b6b0-5819e806fd67",
    "data": [
      {
        "text": "can you set up a reminder for me",
        "userDefined": false
      }
    ],
    "isTemplate": false,
    "count": 0,
    "updated": 0
  },
  {
    "id": "ef72dffe-c738-49eb-977f-b986a361fcf9",
    "data": [
      {
        "text": "remind me to ",
        "userDefined": false
      },
      {
        "text": "pick up Joe",
        "alias": "name",
        "meta": "@sys.any",
        "userDefined": true
      },
      {
        "text": " ",
        "userDefined": false
      },
      {
        "text": "in 30 minutes",
        "alias": "date-time",
        "meta": "@sys.date-time",
        "userDefined": true
      }
    ],
    "isTemplate": false,
    "count": 0,
    "updated": 0
  },
  {
    "id": "31c4487d-a623-474c-90b4-9e76e0f41c69",
    "data": [
      {
        "text": "reminder ",
        "userDefined": false
      },
      {
        "text": "for today",
        "alias": "date-time",
        "meta": "@sys.date-time",
        "userDefined": true
      }
    ],
    "isTemplate": false,
    "count": 0,
    "updated": 0
  },
  {
    "id": "5ce71d47-e71d-4abe-af68-b8856d06aff0",
    "data": [
      {
        "text": "remind me to ",
        "userDefined": false
      },
      {
        "text": "watch",
        "alias": "name",
        "meta": "@sys.any",
        "userDefined": true
      }
    ],
    "isTemplate": false,
    "count": 0,
    "updated": 0
  },
  {
    "id": "b46a0eb0-0bc7-46c3-b8f3-75efeb1f6248",
    "data": [
      {
        "text": "remind me about ",
        "userDefined": false
      },
      {
        "text": "dinner",
        "alias": "name",
        "meta": "@sys.any",
        "userDefined": true
      },
      {
        "text": " ",
        "userDefined": false
      },
      {
        "text": "in 1m",
        "alias": "date-time",
        "meta": "@sys.date-time",
        "userDefined": true
      }
    ],
    "isTemplate": false,
    "count": 0,
    "updated": 0
  },
  {
    "id": "f5446260-373a-4193-8e15-4ef10d2d4818",
    "data": [
      {
        "text": "Send me a reminder to ",
        "userDefined": false
      },
      {
        "text": "pay the cable bill",
        "alias": "name",
        "meta": "@sys.any",
        "userDefined": true
      },
      {
        "text": " on ",
        "userDefined": false
      },
      {
        "text": "March 3",
        "alias": "date-time",
        "meta": "@sys.date-time",
        "userDefined": true
      }
    ],
    "isTemplate": false,
    "count": 0,
    "updated": 0
  },
  {
    "id": "b062dfb3-18bb-47ed-a958-ebcc98543fbd",
    "data": [
      {
        "text": "remind me ",
        "userDefined": false
      },
      {
        "text": "10:30 pm",
        "alias": "date-time",
        "meta": "@sys.date-time",
        "userDefined": true
      },
      {
        "text": " to ",
        "userDefined": false
      },
      {
        "text": "close the restaurant",
        "alias": "name",
        "meta": "@sys.any",
        "userDefined": true
      }
    ],
    "isTemplate": false,
    "count": 0,
    "updated": 0
  },
  {
    "id": "b7adea36-2039-46e1-b6e7-7684e4302437",
    "data": [
      {
        "text": "remind me ",
        "userDefined": false
      },
      {
        "text": "every day except Sundays",
        "alias": "recurrence",
        "meta": "@recurrence",
        "userDefined": true
      }
    ],
    "isTemplate": false,
    "count": 0,
    "updated": 0
  },
  {
    "id": "0233ac90-4ef0-47e5-8988-73ee66aaf418",
    "data": [
      {
        "text": "make me a reminder",
        "userDefined": false
      }
    ],
    "isTemplate": false,
    "count": 0,
    "updated": 0
  },
  {
    "id": "550592af-7899-4bd6-bd68-a7c69a50e3c4",
    "data": [
      {
        "text": "I need a reminder",
        "userDefined": false
      }
    ],
    "isTemplate": false,
    "count": 0,
    "updated": 0
  },
  {
    "id": "044856cd-b63a-4e07-9249-aab3442ad20e",
    "data": [
      {
        "text": "can I add a reminder",
        "userDefined": false
      }
    ],
    "isTemplate": false,
    "count": 0,
    "updated": 0
  },
  {
    "id": "7790b14d-a95a-40c6-b6ef-1ebfb7c6204b",
    "data": [
      {
        "text": "I need to schedule a reminder",
        "userDefined": false
      }
    ],
    "isTemplate": false,
    "count": 0,
    "updated": 0
  },
  {
    "id": "5af5ab7e-c76b-4b3d-be43-cfd6037985be",
    "data": [
      {
        "text": "I\u0027d like to set a reminder",
        "userDefined": false
      }
    ],
    "isTemplate": false,
    "count": 1,
    "updated": 0
  },
  {
    "id": "70739f20-8a49-44d4-9fba-c9c0d2092e80",
    "data": [
      {
        "text": "make reminder",
        "userDefined": false
      }
    ],
    "isTemplate": false,
    "count": 0,
    "updated": 0
  },
  {
    "id": "d7634a5b-cedc-44d9-8465-0bab55e3cf9d",
    "data": [
      {
        "text": "okay remind me",
        "userDefined": false
      }
    ],
    "isTemplate": false,
    "count": 0,
    "updated": 0
  },
  {
    "id": "1f3fc671-87ef-4f6b-aa8d-a1b35b7a6e8d",
    "data": [
      {
        "text": "remind me at ",
        "userDefined": false
      },
      {
        "text": "11 o\u0027clock in the morning",
        "alias": "date-time",
        "meta": "@sys.date-time",
        "userDefined": true
      }
    ],
    "isTemplate": false,
    "count": 0,
    "updated": 0
  },
  {
    "id": "bd64294e-089e-471f-85d9-60edad8fec4a",
    "data": [
      {
        "text": "remind me at ",
        "userDefined": false
      },
      {
        "text": "12 o\u0027clock",
        "alias": "date-time",
        "meta": "@sys.date-time",
        "userDefined": true
      }
    ],
    "isTemplate": false,
    "count": 0,
    "updated": 0
  },
  {
    "id": "56f0def8-d49d-49e1-8ae2-0d5858e9c429",
    "data": [
      {
        "text": "remind me I have a ",
        "userDefined": false
      },
      {
        "text": "doctor\u0027s appointment",
        "alias": "name",
        "meta": "@sys.any",
        "userDefined": true
      }
    ],
    "isTemplate": false,
    "count": 18,
    "updated": 0
  },
  {
    "id": "2e4059f3-7cf5-4505-823b-f3ed84bd8f43",
    "data": [
      {
        "text": "set a reminder ",
        "userDefined": false
      },
      {
        "text": "for Thursday",
        "alias": "date-time",
        "meta": "@sys.date-time",
        "userDefined": true
      }
    ],
    "isTemplate": false,
    "count": 0,
    "updated": 0
  },
  {
    "id": "bc222c09-9e8c-420e-b86a-e2409c436190",
    "data": [
      {
        "text": "remind me once about ",
        "userDefined": false
      },
      {
        "text": "running",
        "alias": "name",
        "meta": "@sys.any",
        "userDefined": true
      }
    ],
    "isTemplate": false,
    "count": 0,
    "updated": 0
  },
  {
    "id": "eeef86dc-3753-4a04-9694-6ca15e5ed3d9",
    "data": [
      {
        "text": "remind me ",
        "userDefined": false
      },
      {
        "text": "of",
        "meta": "@sys.ignore",
        "userDefined": true
      },
      {
        "text": " ",
        "userDefined": false
      },
      {
        "text": "video",
        "alias": "name",
        "meta": "@sys.any",
        "userDefined": true
      },
      {
        "text": " ",
        "userDefined": false
      },
      {
        "text": "every day",
        "alias": "recurrence",
        "meta": "@recurrence",
        "userDefined": true
      },
      {
        "text": " at ",
        "userDefined": false
      },
      {
        "text": "noon",
        "alias": "date-time",
        "meta": "@sys.date-time",
        "userDefined": true
      }
    ],
    "isTemplate": false,
    "count": 0,
    "updated": 0
  },
  {
    "id": "53b38fad-179b-4624-a63a-f901c0a2640e",
    "data": [
      {
        "text": "remind me to ",
        "userDefined": false
      },
      {
        "text": "wash the car",
        "alias": "name",
        "meta": "@sys.any",
        "userDefined": true
      }
    ],
    "isTemplate": false,
    "count": 0,
    "updated": 0
  },
  {
    "id": "f0aa8900-4330-4f87-aa6b-bbb1a239fdfc",
    "data": [
      {
        "text": "can you remind me to ",
        "userDefined": false
      },
      {
        "text": "read my book wash dishes and sweep the floor",
        "alias": "name",
        "meta": "@sys.any",
        "userDefined": true
      }
    ],
    "isTemplate": false,
    "count": 0,
    "updated": 0
  },
  {
    "id": "c98f0ef8-e25e-4c5a-adfb-448026435910",
    "data": [
      {
        "text": "remind me to ",
        "userDefined": false
      },
      {
        "text": "call Jose",
        "alias": "name",
        "meta": "@sys.any",
        "userDefined": true
      },
      {
        "text": " ",
        "userDefined": false
      },
      {
        "text": "tomorrow",
        "alias": "date-time",
        "meta": "@sys.date-time",
        "userDefined": true
      }
    ],
    "isTemplate": false,
    "count": 0,
    "updated": 0
  },
  {
    "id": "729b7141-64a0-4ace-be19-d83ba51c9652",
    "data": [
      {
        "text": "remind me to ",
        "userDefined": false
      },
      {
        "text": "do homework",
        "alias": "name",
        "meta": "@sys.any",
        "userDefined": true
      },
      {
        "text": " on ",
        "userDefined": false
      },
      {
        "text": "November 11 at 7pm",
        "alias": "date-time",
        "meta": "@sys.date-time",
        "userDefined": true
      }
    ],
    "isTemplate": false,
    "count": 0,
    "updated": 0
  },
  {
    "id": "528b29df-7cf7-4c0c-ba5e-c4096fc70455",
    "data": [
      {
        "text": "remind me ",
        "userDefined": false
      },
      {
        "text": "everyday",
        "alias": "recurrence",
        "meta": "@recurrence",
        "userDefined": true
      },
      {
        "text": " to ",
        "userDefined": false
      },
      {
        "text": "read a book",
        "alias": "name",
        "meta": "@sys.any",
        "userDefined": true
      },
      {
        "text": " at ",
        "userDefined": false
      },
      {
        "text": "6PM",
        "alias": "date-time",
        "meta": "@sys.date-time",
        "userDefined": true
      }
    ],
    "isTemplate": false,
    "count": 0,
    "updated": 0
  },
  {
    "id": "987b24ad-4bbc-49fe-b13c-2963e9adb589",
    "data": [
      {
        "text": "remind me to ",
        "userDefined": false
      },
      {
        "text": "turn off my phone",
        "alias": "name",
        "meta": "@sys.any",
        "userDefined": true
      },
      {
        "text": " ",
        "userDefined": false
      },
      {
        "text": "every day",
        "alias": "recurrence",
        "meta": "@recurrence",
        "userDefined": true
      },
      {
        "text": " at ",
        "userDefined": false
      },
      {
        "text": "11 pm",
        "alias": "date-time",
        "meta": "@sys.date-time",
        "userDefined": true
      }
    ],
    "isTemplate": false,
    "count": 0,
    "updated": 0
  },
  {
    "id": "c0a48ff2-5439-4063-a5a9-3900db90fca8",
    "data": [
      {
        "text": "do",
        "meta": "@sys.ignore",
        "userDefined": true
      },
      {
        "text": " not let me forget to ",
        "userDefined": false
      },
      {
        "text": "water flowers",
        "alias": "name",
        "meta": "@sys.any",
        "userDefined": true
      },
      {
        "text": " at ",
        "userDefined": false
      },
      {
        "text": "7 am tomorrow",
        "alias": "date-time",
        "meta": "@sys.date-time",
        "userDefined": true
      }
    ],
    "isTemplate": false,
    "count": 0,
    "updated": 0
  },
  {
    "id": "2b29f926-cea1-4207-a896-9f0b85f6a415",
    "data": [
      {
        "text": "set reminder",
        "userDefined": false
      }
    ],
    "isTemplate": false,
    "count": 0,
    "updated": 0
  },
  {
    "id": "7eb98621-dadc-4410-bc68-a874cd0f72d1",
    "data": [
      {
        "text": "remind me to ",
        "userDefined": false
      },
      {
        "text": "feed my cat",
        "alias": "name",
        "meta": "@sys.any",
        "userDefined": true
      },
      {
        "text": " please",
        "userDefined": false
      }
    ],
    "isTemplate": false,
    "count": 0,
    "updated": 0
  },
  {
    "id": "20ed4232-fb47-4fd2-a4eb-7de11c5731fa",
    "data": [
      {
        "text": "set a reminder for me please",
        "userDefined": false
      }
    ],
    "isTemplate": false,
    "count": 0,
    "updated": 0
  },
  {
    "id": "4e44a72d-5c3e-43b9-a51b-0f18e20a092d",
    "data": [
      {
        "text": "can you put a reminder",
        "userDefined": false
      }
    ],
    "isTemplate": false,
    "count": 0,
    "updated": 0
  },
  {
    "id": "141d3e6c-f176-4cfd-be7a-379b29efaff9",
    "data": [
      {
        "text": "need to set a reminder",
        "userDefined": false
      }
    ],
    "isTemplate": false,
    "count": 0,
    "updated": 0
  },
  {
    "id": "9c645f01-e602-4cb7-8049-720b44c93a58",
    "data": [
      {
        "text": "can you set reminders for me",
        "userDefined": false
      }
    ],
    "isTemplate": false,
    "count": 0,
    "updated": 0
  },
  {
    "id": "c6f148ca-c996-4aa3-878e-0f33e7ddc1bc",
    "data": [
      {
        "text": "remind me to ",
        "userDefined": false
      },
      {
        "text": "buy milk",
        "alias": "name",
        "meta": "@sys.any",
        "userDefined": true
      },
      {
        "text": " on ",
        "userDefined": false
      },
      {
        "text": "Tuesday at 8 pm",
        "alias": "date-time",
        "meta": "@sys.date-time",
        "userDefined": true
      }
    ],
    "isTemplate": false,
    "count": 0,
    "updated": 0
  },
  {
    "id": "fa066ecd-6ece-45a6-bfc3-f77d574f7d04",
    "data": [
      {
        "text": "remind me about ",
        "userDefined": false
      },
      {
        "text": "dinner",
        "alias": "name",
        "meta": "@sys.any",
        "userDefined": true
      },
      {
        "text": " at ",
        "userDefined": false
      },
      {
        "text": "15pm",
        "alias": "date-time",
        "meta": "@sys.date-time",
        "userDefined": true
      }
    ],
    "isTemplate": false,
    "count": 0,
    "updated": 0
  },
  {
    "id": "f32863fe-73cc-4108-b801-ce77fe86a5ed",
    "data": [
      {
        "text": "new",
        "meta": "@sys.ignore",
        "userDefined": false
      },
      {
        "text": " reminder",
        "userDefined": false
      }
    ],
    "isTemplate": false,
    "count": 0,
    "updated": 0
  },
  {
    "id": "3ae29001-0904-4c93-973c-15c035f44c10",
    "data": [
      {
        "text": "make a new reminder",
        "userDefined": false
      }
    ],
    "isTemplate": false,
    "count": 0,
    "updated": 0
  },
  {
    "id": "d24a6494-715d-4964-81ef-210e74495ab7",
    "data": [
      {
        "text": "I need a reminder for ",
        "userDefined": false
      },
      {
        "text": "today",
        "alias": "date-time",
        "meta": "@sys.date-time",
        "userDefined": true
      }
    ],
    "isTemplate": false,
    "count": 1,
    "updated": 0
  },
  {
    "id": "928ff50a-5f3d-4c9a-b175-f78f9757a3a0",
    "data": [
      {
        "text": "add a reminder for ",
        "userDefined": false
      },
      {
        "text": "tomorrow",
        "alias": "date-time",
        "meta": "@sys.date-time",
        "userDefined": true
      }
    ],
    "isTemplate": false,
    "count": 0,
    "updated": 0
  },
  {
    "id": "25b3b7c3-31ed-4adf-89e0-8ed3544c34e7",
    "data": [
      {
        "text": "can you remind me ",
        "userDefined": false
      },
      {
        "text": "of",
        "meta": "@sys.ignore",
        "userDefined": true
      },
      {
        "text": " something ",
        "userDefined": false
      },
      {
        "text": "tomorrow",
        "alias": "date-time",
        "meta": "@sys.date-time",
        "userDefined": true
      }
    ],
    "isTemplate": false,
    "count": 0,
    "updated": 0
  },
  {
    "id": "842b5112-1fb0-4c07-b2ce-f4390f742c1e",
    "data": [
      {
        "text": "I want to add a reminder",
        "userDefined": false
      }
    ],
    "isTemplate": false,
    "count": 0,
    "updated": 0
  },
  {
    "id": "b5fa6ad3-2716-4a91-a7a9-0248f992f0cb",
    "data": [
      {
        "text": "remind me to ",
        "userDefined": false
      },
      {
        "text": "call dad",
        "alias": "name",
        "meta": "@sys.any",
        "userDefined": true
      }
    ],
    "isTemplate": false,
    "count": 0,
    "updated": 0
  },
  {
    "id": "4801ef61-e442-4dcf-82ee-305719a40624",
    "data": [
      {
        "text": "reminder set",
        "userDefined": false
      }
    ],
    "isTemplate": false,
    "count": 0,
    "updated": 0
  },
  {
    "id": "e02d6caa-19c4-4ef4-a06e-62f3963990de",
    "data": [
      {
        "text": "remind me ",
        "userDefined": false
      },
      {
        "text": "tomorrow",
        "alias": "date-time",
        "meta": "@sys.date-time",
        "userDefined": true
      },
      {
        "text": " to",
        "userDefined": false
      }
    ],
    "isTemplate": false,
    "count": 0,
    "updated": 0
  },
  {
    "id": "fc0a41c4-a262-493e-92d5-6a7cb9a9d052",
    "data": [
      {
        "text": "yes please remind me",
        "userDefined": false
      }
    ],
    "isTemplate": false,
    "count": 0,
    "updated": 0
  },
  {
    "id": "ace2014b-b8de-4e08-b037-ce2af8fa64cc",
    "data": [
      {
        "text": "set reminder ",
        "userDefined": false
      },
      {
        "text": "for 5 minutes",
        "alias": "date-time",
        "meta": "@sys.date-time",
        "userDefined": true
      }
    ],
    "isTemplate": false,
    "count": 0,
    "updated": 0
  },
  {
    "id": "db534b7f-3c35-414c-a68d-6295c70945d5",
    "data": [
      {
        "text": "remind me to ",
        "userDefined": false
      },
      {
        "text": "exercise",
        "alias": "name",
        "meta": "@sys.any",
        "userDefined": true
      },
      {
        "text": " ",
        "userDefined": false
      },
      {
        "text": "tonight",
        "alias": "date-time",
        "meta": "@sys.date-time",
        "userDefined": true
      }
    ],
    "isTemplate": false,
    "count": 0,
    "updated": 0
  },
  {
    "id": "b89bc27d-f52b-4519-920e-c2c75fa5fe14",
    "data": [
      {
        "text": "remind me to ",
        "userDefined": false
      },
      {
        "text": "call my brother",
        "alias": "name",
        "meta": "@sys.any",
        "userDefined": true
      },
      {
        "text": " on ",
        "userDefined": false
      },
      {
        "text": "Veterans day",
        "alias": "date-time",
        "meta": "@sys.date-time",
        "userDefined": true
      }
    ],
    "isTemplate": false,
    "count": 0,
    "updated": 0
  },
  {
    "id": "06215c11-fbca-4764-8ba2-6023232a89d5",
    "data": [
      {
        "text": "set reminder for ",
        "userDefined": false
      },
      {
        "text": "25th November",
        "alias": "date-time",
        "meta": "@sys.date-time",
        "userDefined": true
      }
    ],
    "isTemplate": false,
    "count": 0,
    "updated": 0
  },
  {
    "id": "aecfdf1b-1b33-4d25-a660-bbff6db05844",
    "data": [
      {
        "text": "remind me to ",
        "userDefined": false
      },
      {
        "text": "charge my phone",
        "alias": "name",
        "meta": "@sys.any",
        "userDefined": true
      },
      {
        "text": " ",
        "userDefined": false
      },
      {
        "text": "everyday",
        "alias": "recurrence",
        "meta": "@recurrence",
        "userDefined": true
      },
      {
        "text": " at ",
        "userDefined": false
      },
      {
        "text": "11:00 pm",
        "alias": "date-time",
        "meta": "@sys.date-time",
        "userDefined": true
      }
    ],
    "isTemplate": false,
    "count": 0,
    "updated": 0
  },
  {
    "id": "e24c28b0-ffb1-4aa3-bd54-735a042c8a4b",
    "data": [
      {
        "text": "remind me to ",
        "userDefined": false
      },
      {
        "text": "call someone",
        "alias": "name",
        "meta": "@sys.any",
        "userDefined": true
      },
      {
        "text": " ",
        "userDefined": false
      },
      {
        "text": "everyday",
        "alias": "recurrence",
        "meta": "@recurrence",
        "userDefined": true
      },
      {
        "text": " at ",
        "userDefined": false
      },
      {
        "text": "4 p.m.",
        "alias": "date-time",
        "meta": "@sys.date-time",
        "userDefined": true
      }
    ],
    "isTemplate": false,
    "count": 4,
    "updated": 0
  },
  {
    "id": "e0685220-ba69-4f93-af8a-9b92ae936364",
    "data": [
      {
        "text": "remind me to ",
        "userDefined": false
      },
      {
        "text": "buy movie tickets",
        "alias": "name",
        "meta": "@sys.any",
        "userDefined": true
      },
      {
        "text": " for ",
        "userDefined": false
      },
      {
        "text": "Friday evening",
        "alias": "date-time",
        "meta": "@sys.date-time",
        "userDefined": true
      }
    ],
    "isTemplate": false,
    "count": 0,
    "updated": 0
  },
  {
    "id": "f447c15e-eba1-4071-9f67-b928a9006cb8",
    "data": [
      {
        "text": "I want to make a reminder",
        "userDefined": false
      }
    ],
    "isTemplate": false,
    "count": 0,
    "updated": 0
  },
  {
    "id": "849904ed-eba7-4858-8b7d-0bb3b267fe64",
    "data": [
      {
        "text": "set reminder for ",
        "userDefined": false
      },
      {
        "text": "dinner with Tom",
        "alias": "name",
        "meta": "@sys.any",
        "userDefined": true
      },
      {
        "text": " please",
        "userDefined": false
      }
    ],
    "isTemplate": false,
    "count": 0,
    "updated": 0
  },
  {
    "id": "7d031348-2371-4760-8611-d1b772e07511",
    "data": [
      {
        "text": "add another reminder",
        "userDefined": false
      }
    ],
    "isTemplate": false,
    "count": 0,
    "updated": 0
  },
  {
    "id": "70ab458c-242c-48f4-9cbb-f5a6a62be7ec",
    "data": [
      {
        "text": "can I set a reminder",
        "userDefined": false
      }
    ],
    "isTemplate": false,
    "count": 0,
    "updated": 0
  },
  {
    "id": "2139c456-9708-4853-8db0-08eb6ef1016e",
    "data": [
      {
        "text": "create a reminder for me",
        "userDefined": false
      }
    ],
    "isTemplate": false,
    "count": 0,
    "updated": 0
  },
  {
    "id": "9053fef7-3a3f-4417-9d45-d6e0be3ad751",
    "data": [
      {
        "text": "I need to set up a reminder",
        "userDefined": false
      }
    ],
    "isTemplate": false,
    "count": 0,
    "updated": 0
  },
  {
    "id": "156e57ab-4338-4d04-bca6-b15a007e973b",
    "data": [
      {
        "text": "remind",
        "userDefined": false
      }
    ],
    "isTemplate": false,
    "count": 0,
    "updated": 0
  },
  {
    "id": "1dde448d-bb94-4868-b0c6-71e8513797f9",
    "data": [
      {
        "text": "one",
        "meta": "@sys.ignore",
        "userDefined": true
      },
      {
        "text": " more reminder",
        "userDefined": false
      }
    ],
    "isTemplate": false,
    "count": 0,
    "updated": 0
  },
  {
    "id": "28c6f742-42d2-449e-b88b-abd76fbbb7b2",
    "data": [
      {
        "text": "remind me at ",
        "userDefined": false
      },
      {
        "text": "noon",
        "alias": "date-time",
        "meta": "@sys.date-time",
        "userDefined": true
      }
    ],
    "isTemplate": false,
    "count": 0,
    "updated": 0
  },
  {
    "id": "78c342eb-7815-4a1d-9087-ab81249733db",
    "data": [
      {
        "text": "remind me ",
        "userDefined": false
      },
      {
        "text": "of",
        "meta": "@sys.ignore",
        "userDefined": true
      },
      {
        "text": " my ",
        "userDefined": false
      },
      {
        "text": "doctors appointment",
        "alias": "name",
        "meta": "@sys.any",
        "userDefined": true
      }
    ],
    "isTemplate": false,
    "count": 0,
    "updated": 0
  },
  {
    "id": "91ab0b0c-45cb-479d-a756-9b8978c20f9d",
    "data": [
      {
        "text": "set a new reminder",
        "userDefined": false
      }
    ],
    "isTemplate": false,
    "count": 0,
    "updated": 0
  },
  {
    "id": "444262b9-78f0-40f1-9c69-82027f0486b1",
    "data": [
      {
        "text": "set a reminder please",
        "userDefined": false
      }
    ],
    "isTemplate": false,
    "count": 0,
    "updated": 0
  },
  {
    "id": "c9f429eb-d711-40ad-8972-ccb62927417d",
    "data": [
      {
        "text": "set reminder for me",
        "userDefined": false
      }
    ],
    "isTemplate": false,
    "count": 0,
    "updated": 0
  },
  {
    "id": "87e8a95c-7173-4521-9470-334218ffa797",
    "data": [
      {
        "text": "add reminder ",
        "userDefined": false
      },
      {
        "text": "feed a cat",
        "alias": "name",
        "meta": "@sys.any",
        "userDefined": true
      },
      {
        "text": " ",
        "userDefined": false
      },
      {
        "text": "in 3 min",
        "alias": "date-time",
        "meta": "@sys.date-time",
        "userDefined": true
      }
    ],
    "isTemplate": false,
    "count": 0,
    "updated": 0
  },
  {
    "id": "e6aa3250-a938-4eb9-bbba-1b93ba682827",
    "data": [
      {
        "text": "remind ",
        "userDefined": false
      },
      {
        "text": "flight",
        "alias": "name",
        "meta": "@sys.any",
        "userDefined": true
      },
      {
        "text": " at ",
        "userDefined": false
      },
      {
        "text": "6 am",
        "alias": "date-time",
        "meta": "@sys.date-time",
        "userDefined": true
      }
    ],
    "isTemplate": false,
    "count": 0,
    "updated": 0
  },
  {
    "id": "dd73c4f0-bff4-4076-840e-fa96afa54657",
    "data": [
      {
        "text": "new reminder about ",
        "userDefined": false
      },
      {
        "text": "washing car",
        "alias": "name",
        "meta": "@sys.any",
        "userDefined": true
      }
    ],
    "isTemplate": false,
    "count": 0,
    "updated": 0
  },
  {
    "id": "7b29442b-9a81-484e-8e67-4ebdcc3a1a0f",
    "data": [
      {
        "text": "remind me at ",
        "userDefined": false
      },
      {
        "text": "2:35 p.m. tomorrow",
        "alias": "date-time",
        "meta": "@sys.date-time",
        "userDefined": true
      },
      {
        "text": " to ",
        "userDefined": false
      },
      {
        "text": "not park in the back parking lot",
        "alias": "name",
        "meta": "@sys.any",
        "userDefined": true
      }
    ],
    "isTemplate": false,
    "count": 0,
    "updated": 0
  },
  {
    "id": "aabb73ba-a03e-4b09-b232-41deb78212c5",
    "data": [
      {
        "text": "remind me at ",
        "userDefined": false
      },
      {
        "text": "1 p.m.",
        "alias": "date-time",
        "meta": "@sys.date-time",
        "userDefined": true
      },
      {
        "text": " that ",
        "userDefined": false
      },
      {
        "text": "I have to eat",
        "alias": "name",
        "meta": "@sys.any",
        "userDefined": true
      }
    ],
    "isTemplate": false,
    "count": 4,
    "updated": 0
  },
  {
    "id": "fbfdba6b-30d5-481c-873c-3436e7fa1564",
    "data": [
      {
        "text": "reminder",
        "userDefined": false
      }
    ],
    "isTemplate": false,
    "count": 0,
    "updated": 0
  },
  {
    "id": "f4e8b52d-b0cc-4449-b7df-08d7c0f12678",
    "data": [
      {
        "text": "add a reminder",
        "userDefined": false
      }
    ],
    "isTemplate": false,
    "count": 0,
    "updated": 0
  },
  {
    "id": "c36a3ec7-91fb-4102-8e32-2dfcf05b96ee",
    "data": [
      {
        "text": "set up reminders",
        "userDefined": false
      }
    ],
    "isTemplate": false,
    "count": 0,
    "updated": 0
  },
  {
    "id": "66387665-2730-48be-960c-f9801a00bdc5",
    "data": [
      {
        "text": "I need a reminder set",
        "userDefined": false
      }
    ],
    "isTemplate": false,
    "count": 0,
    "updated": 0
  },
  {
    "id": "b937e89d-6965-45a2-9ad6-8edcf31d97a0",
    "data": [
      {
        "text": "I need you to remind me",
        "userDefined": false
      }
    ],
    "isTemplate": false,
    "count": 0,
    "updated": 0
  },
  {
    "id": "bb643a02-0adc-4c7d-a4b2-6faac6633b10",
    "data": [
      {
        "text": "please remind me to",
        "userDefined": false
      }
    ],
    "isTemplate": false,
    "count": 0,
    "updated": 0
  },
  {
    "id": "e5ba85ae-a97b-4545-9067-31ccfd02a91f",
    "data": [
      {
        "text": "remind me ",
        "userDefined": false
      },
      {
        "text": "everyday",
        "alias": "recurrence",
        "meta": "@recurrence",
        "userDefined": true
      }
    ],
    "isTemplate": false,
    "count": 0,
    "updated": 0
  },
  {
    "id": "6da8df84-f395-4997-be20-37dba189f6b8",
    "data": [
      {
        "text": "please add reminder",
        "userDefined": false
      }
    ],
    "isTemplate": false,
    "count": 0,
    "updated": 0
  },
  {
    "id": "8c8b108a-f4db-4f17-a3b1-d141382e58d9",
    "data": [
      {
        "text": "remind me ",
        "userDefined": false
      },
      {
        "text": "of",
        "meta": "@sys.ignore",
        "userDefined": true
      },
      {
        "text": " ",
        "userDefined": false
      },
      {
        "text": "blood brothers",
        "alias": "name",
        "meta": "@sys.any",
        "userDefined": true
      }
    ],
    "isTemplate": false,
    "count": 0,
    "updated": 0
  },
  {
    "id": "981dc036-e170-4ee4-8d76-265c0c57fd91",
    "data": [
      {
        "text": "remind me to ",
        "userDefined": false
      },
      {
        "text": "brush my teeth",
        "alias": "name",
        "meta": "@sys.any",
        "userDefined": true
      }
    ],
    "isTemplate": false,
    "count": 0,
    "updated": 0
  },
  {
    "id": "9d0facf8-9813-4a56-b76d-f73435ef34d6",
    "data": [
      {
        "text": "reminder ",
        "userDefined": false
      },
      {
        "text": "for this evening",
        "alias": "date-time",
        "meta": "@sys.date-time",
        "userDefined": true
      }
    ],
    "isTemplate": false,
    "count": 0,
    "updated": 0
  },
  {
    "id": "e55a6233-61c6-477d-afc4-f0381505bfca",
    "data": [
      {
        "text": "set a reminder for",
        "userDefined": false
      }
    ],
    "isTemplate": false,
    "count": 0,
    "updated": 0
  },
  {
    "id": "f69fd7da-b7dd-4006-adf0-5654e4e45ef2",
    "data": [
      {
        "text": "set reminder to ",
        "userDefined": false
      },
      {
        "text": "5 pm",
        "alias": "date-time",
        "meta": "@sys.date-time",
        "userDefined": true
      }
    ],
    "isTemplate": false,
    "count": 0,
    "updated": 0
  },
  {
    "id": "a7a5d60e-0106-476a-9917-775529f3e788",
    "data": [
      {
        "text": "remind me about ",
        "userDefined": false
      },
      {
        "text": "dinner",
        "alias": "name",
        "meta": "@sys.any",
        "userDefined": true
      },
      {
        "text": " ",
        "userDefined": false
      },
      {
        "text": "in 1minute",
        "alias": "date-time",
        "meta": "@sys.date-time",
        "userDefined": true
      }
    ],
    "isTemplate": false,
    "count": 0,
    "updated": 0
  },
  {
    "id": "3620fbf9-29e2-4a2d-b703-467e28c01710",
    "data": [
      {
        "text": "add reminder for ",
        "userDefined": false
      },
      {
        "text": "meeting",
        "alias": "name",
        "meta": "@sys.any",
        "userDefined": true
      }
    ],
    "isTemplate": false,
    "count": 0,
    "updated": 0
  },
  {
    "id": "94f007e6-9bcd-4f46-9103-3d8cc59e6432",
    "data": [
      {
        "text": "remind me to ",
        "userDefined": false
      },
      {
        "text": "book a parking spot for my Carnival Cruise",
        "alias": "name",
        "meta": "@sys.any",
        "userDefined": true
      }
    ],
    "isTemplate": false,
    "count": 0,
    "updated": 0
  },
  {
    "id": "d1106aa4-972f-41e1-9253-008441bede83",
    "data": [
      {
        "text": "remind about ",
        "userDefined": false
      },
      {
        "text": "business meeting",
        "alias": "name",
        "meta": "@sys.any",
        "userDefined": true
      },
      {
        "text": " ",
        "userDefined": false
      },
      {
        "text": "every monday",
        "alias": "recurrence",
        "meta": "@recurrence",
        "userDefined": true
      },
      {
        "text": " at ",
        "userDefined": false
      },
      {
        "text": "4 pm",
        "alias": "date-time",
        "meta": "@sys.date-time",
        "userDefined": true
      }
    ],
    "isTemplate": false,
    "count": 0,
    "updated": 0
  },
  {
    "id": "c1aa1eb6-44b6-4f7a-97e7-f75218da84fb",
    "data": [
      {
        "text": "I want a reminder",
        "userDefined": false
      }
    ],
    "isTemplate": false,
    "count": 0,
    "updated": 0
  },
  {
    "id": "04bdf319-7e06-48aa-93d2-4a52c054f24c",
    "data": [
      {
        "text": "add reminder",
        "userDefined": false
      }
    ],
    "isTemplate": false,
    "count": 0,
    "updated": 0
  },
  {
    "id": "19cab8f6-f523-4947-8c16-8b82ee211b2c",
    "data": [
      {
        "text": "set reminder for ",
        "userDefined": false
      },
      {
        "text": "7 am tomorrow",
        "alias": "date-time",
        "meta": "@sys.date-time",
        "userDefined": true
      },
      {
        "text": " about ",
        "userDefined": false
      },
      {
        "text": "dinner",
        "alias": "name",
        "meta": "@sys.any",
        "userDefined": true
      },
      {
        "text": " please",
        "userDefined": false
      }
    ],
    "isTemplate": false,
    "count": 0,
    "updated": 0
  },
  {
    "id": "b0771318-8096-4b93-b832-6d27615b85aa",
    "data": [
      {
        "text": "I would like a reminder",
        "userDefined": false
      }
    ],
    "isTemplate": false,
    "count": 0,
    "updated": 0
  },
  {
    "id": "99aa92ea-1a71-4e80-b47b-e136941ce572",
    "data": [
      {
        "text": "make a reminder for me",
        "userDefined": false
      }
    ],
    "isTemplate": false,
    "count": 0,
    "updated": 0
  },
  {
    "id": "ee5c9b43-b42b-468c-a925-8d8094667ef8",
    "data": [
      {
        "text": "add to reminder",
        "userDefined": false
      }
    ],
    "isTemplate": false,
    "count": 0,
    "updated": 0
  },
  {
    "id": "200bd501-0681-44b2-888f-bc975f6992f9",
    "data": [
      {
        "text": "can you please remind me",
        "userDefined": false
      }
    ],
    "isTemplate": false,
    "count": 0,
    "updated": 0
  },
  {
    "id": "d9448f5d-a957-4056-af02-b99a660f44ed",
    "data": [
      {
        "text": "don",
        "meta": "@sys.ignore",
        "userDefined": true
      },
      {
        "text": "\u0027t forget to remind me",
        "userDefined": false
      }
    ],
    "isTemplate": false,
    "count": 0,
    "updated": 0
  },
  {
    "id": "601ee974-2b00-47eb-b4e8-6b5d220413ed",
    "data": [
      {
        "text": "can you set a reminder for me ",
        "userDefined": false
      },
      {
        "text": "tomorrow",
        "alias": "date-time",
        "meta": "@sys.date-time",
        "userDefined": true
      }
    ],
    "isTemplate": false,
    "count": 0,
    "updated": 0
  },
  {
    "id": "6f7fc59c-227d-4cec-99e6-f04e32dfd271",
    "data": [
      {
        "text": "ok remind me",
        "userDefined": false
      }
    ],
    "isTemplate": false,
    "count": 0,
    "updated": 0
  },
  {
    "id": "1a7788e0-6f67-436d-a99d-815d5a198ddf",
    "data": [
      {
        "text": "remind about ",
        "userDefined": false
      },
      {
        "text": "running",
        "alias": "name",
        "meta": "@sys.any",
        "userDefined": true
      },
      {
        "text": " at ",
        "userDefined": false
      },
      {
        "text": "6 am on 7 december",
        "alias": "date-time",
        "meta": "@sys.date-time",
        "userDefined": true
      }
    ],
    "isTemplate": false,
    "count": 0,
    "updated": 0
  },
  {
    "id": "b59c21e1-69f6-42ab-ae62-adcea9f15d3a",
    "data": [
      {
        "text": "remind me to ",
        "userDefined": false
      },
      {
        "text": "work out",
        "alias": "name",
        "meta": "@sys.any",
        "userDefined": true
      }
    ],
    "isTemplate": false,
    "count": 0,
    "updated": 0
  },
  {
    "id": "eb635d82-4040-49d8-8174-8a0e3324ba62",
    "data": [
      {
        "text": "remind ",
        "userDefined": false
      },
      {
        "text": "us",
        "meta": "@sys.ignore",
        "userDefined": true
      }
    ],
    "isTemplate": false,
    "count": 0,
    "updated": 0
  },
  {
    "id": "7aa327b4-cd2c-4275-bdfd-21f9473150db",
    "data": [
      {
        "text": "set reminder ",
        "userDefined": false
      },
      {
        "text": "for 2 pm",
        "alias": "date-time",
        "meta": "@sys.date-time",
        "userDefined": true
      }
    ],
    "isTemplate": false,
    "count": 0,
    "updated": 0
  },
  {
    "id": "ee4b3703-d8e7-4152-a697-b243211d1b8b",
    "data": [
      {
        "text": "setup reminder",
        "userDefined": false
      }
    ],
    "isTemplate": false,
    "count": 0,
    "updated": 0
  },
  {
    "id": "c7ba0b76-a358-479b-9ac3-13c4d0d1558b",
    "data": [
      {
        "text": "remind me to ",
        "userDefined": false
      },
      {
        "text": "deliver to Saint Barbara Catholic Church",
        "alias": "name",
        "meta": "@sys.any",
        "userDefined": true
      },
      {
        "text": " on ",
        "userDefined": false
      },
      {
        "text": "Friday 9 to 9:30",
        "alias": "date-time",
        "meta": "@sys.date-time",
        "userDefined": true
      }
    ],
    "isTemplate": false,
    "count": 0,
    "updated": 0
  },
  {
    "id": "6bff02e9-661a-4447-9f4d-524dab1b1323",
    "data": [
      {
        "text": "set reminder for ",
        "userDefined": false
      },
      {
        "text": "every day",
        "alias": "recurrence",
        "meta": "@recurrence",
        "userDefined": true
      }
    ],
    "isTemplate": false,
    "count": 0,
    "updated": 0
  },
  {
    "id": "f976cbf9-c514-4e81-b2c2-c52bc8dafe65",
    "data": [
      {
        "text": "make a reminder",
        "userDefined": false
      }
    ],
    "isTemplate": false,
    "count": 0,
    "updated": 0
  },
  {
    "id": "0aadf51f-b6f3-440d-b4fc-c94e3cfa718c",
    "data": [
      {
        "text": "send me a reminder",
        "userDefined": false
      }
    ],
    "isTemplate": false,
    "count": 0,
    "updated": 0
  },
  {
    "id": "dd1a4163-da3c-449f-8dd5-69f0795eb60c",
    "data": [
      {
        "text": "can you remind me later",
        "userDefined": false
      }
    ],
    "isTemplate": false,
    "count": 0,
    "updated": 0
  },
  {
    "id": "988e51fb-9634-4cde-99e2-86b6ad8608ca",
    "data": [
      {
        "text": "can you set up a reminder",
        "userDefined": false
      }
    ],
    "isTemplate": false,
    "count": 0,
    "updated": 0
  },
  {
    "id": "e751511e-502d-4688-986e-30b5a71e8c1f",
    "data": [
      {
        "text": "can you set me a reminder",
        "userDefined": false
      }
    ],
    "isTemplate": false,
    "count": 0,
    "updated": 0
  },
  {
    "id": "1a9895e7-1d4e-467d-a2d0-90d216e1d359",
    "data": [
      {
        "text": "remind me for ",
        "userDefined": false
      },
      {
        "text": "tomorrow",
        "alias": "date-time",
        "meta": "@sys.date-time",
        "userDefined": true
      }
    ],
    "isTemplate": false,
    "count": 0,
    "updated": 0
  },
  {
    "id": "fb435102-edd5-40a3-9702-8e67eecee631",
    "data": [
      {
        "text": "put a reminder",
        "userDefined": false
      }
    ],
    "isTemplate": false,
    "count": 0,
    "updated": 0
  },
  {
    "id": "64105c85-0579-4c96-b8a3-7ececb59530e",
    "data": [
      {
        "text": "remind about ",
        "userDefined": false
      },
      {
        "text": "running",
        "alias": "name",
        "meta": "@sys.any",
        "userDefined": true
      },
      {
        "text": " ",
        "userDefined": false
      },
      {
        "text": "every day",
        "alias": "recurrence",
        "meta": "@recurrence",
        "userDefined": true
      },
      {
        "text": " at ",
        "userDefined": false
      },
      {
        "text": "6 am",
        "alias": "date-time",
        "meta": "@sys.date-time",
        "userDefined": true
      }
    ],
    "isTemplate": false,
    "count": 0,
    "updated": 0
  },
  {
    "id": "9bf188ed-734f-4cf6-b687-2c0df762e70b",
    "data": [
      {
        "text": "remind me ",
        "userDefined": false
      },
      {
        "text": "on Thursday",
        "alias": "date-time",
        "meta": "@sys.date-time",
        "userDefined": true
      }
    ],
    "isTemplate": false,
    "count": 0,
    "updated": 0
  },
  {
    "id": "f0b09ba5-2b46-4de6-b408-21aec483e5ca",
    "data": [
      {
        "text": "remind me ",
        "userDefined": false
      },
      {
        "text": "the day before",
        "alias": "date-time",
        "meta": "@sys.date-time",
        "userDefined": true
      }
    ],
    "isTemplate": false,
    "count": 0,
    "updated": 0
  },
  {
    "id": "1b1458bf-e9be-40a7-b54a-6fcf4be6eaf9",
    "data": [
      {
        "text": "remind me to ",
        "userDefined": false
      },
      {
        "text": "wake up",
        "alias": "name",
        "meta": "@sys.any",
        "userDefined": true
      },
      {
        "text": " at ",
        "userDefined": false
      },
      {
        "text": "7 am",
        "alias": "date-time",
        "meta": "@sys.date-time",
        "userDefined": true
      }
    ],
    "isTemplate": false,
    "count": 0,
    "updated": 0
  },
  {
    "id": "1f74d1e8-849c-4e0d-910f-5c856da4b72a",
    "data": [
      {
        "text": "send me a reminder to ",
        "userDefined": false
      },
      {
        "text": "leave for work",
        "alias": "name",
        "meta": "@sys.any",
        "userDefined": true
      },
      {
        "text": " ",
        "userDefined": false
      },
      {
        "text": "in 10 minutes",
        "alias": "date-time",
        "meta": "@sys.date-time",
        "userDefined": true
      }
    ],
    "isTemplate": false,
    "count": 0,
    "updated": 0
  },
  {
    "id": "262a0059-15cb-49c0-b2ef-f9490ffca884",
    "data": [
      {
        "text": "set reminder ",
        "userDefined": false
      },
      {
        "text": "buy milk",
        "alias": "name",
        "meta": "@sys.any",
        "userDefined": true
      },
      {
        "text": " on ",
        "userDefined": false
      },
      {
        "text": "November 11 at 5 pm",
        "alias": "date-time",
        "meta": "@sys.date-time",
        "userDefined": true
      }
    ],
    "isTemplate": false,
    "count": 0,
    "updated": 0
  }
]