[
  {
    "id": "a560a76b-0628-4e4b-ba35-1fc659b912c5",
    "data": [
      {
        "text": "rename my reminder about ",
        "userDefined": false
      },
      {
        "text": "cats",
        "alias": "old-name",
        "meta": "@sys.any",
        "userDefined": false
      }
    ],
    "isTemplate": false,
    "count": 1,
    "updated": 0
  },
  {
    "id": "543d4c08-d183-4a8c-9cdf-8b5e4a15b4af",
    "data": [
      {
        "text": "rename the reminder ",
        "userDefined": false
      },
      {
        "text": "wash my flat",
        "alias": "old-name",
        "meta": "@sys.any",
        "userDefined": true
      },
      {
        "text": " to ",
        "userDefined": false
      },
      {
        "text": "wash my car",
        "alias": "name",
        "meta": "@sys.any",
        "userDefined": false
      }
    ],
    "isTemplate": false,
    "count": 0,
    "updated": 1508524070
  },
  {
    "id": "8ca99194-5f06-4530-b64e-a412fd03dcbc",
    "data": [
      {
        "text": "change reminder\u0027s title",
        "userDefined": false
      }
    ],
    "isTemplate": false,
    "count": 0,
    "updated": 1508523776
  },
  {
    "id": "3f661c37-8c7e-47c2-979d-ca4834e9757c",
    "data": [
      {
        "text": "change reminder titled ",
        "userDefined": false
      },
      {
        "text": "feed the dog",
        "alias": "old-name",
        "meta": "@sys.any",
        "userDefined": true
      },
      {
        "text": " to ",
        "userDefined": false
      },
      {
        "text": "cat\u0027s food",
        "alias": "name",
        "meta": "@sys.any",
        "userDefined": false
      }
    ],
    "isTemplate": false,
    "count": 0,
    "updated": 1508523751
  },
  {
    "id": "1aee03af-a619-44ec-935e-e51e46784d32",
    "data": [
      {
        "text": "edit reminder with the title pills",
        "userDefined": false
      }
    ],
    "isTemplate": false,
    "count": 0,
    "updated": 1508523776
  },
  {
    "id": "3c8b9d2e-faff-4dc1-908b-925fc903d057",
    "data": [
      {
        "text": "change name for reminder about ",
        "userDefined": false
      },
      {
        "text": "visiting my parents",
        "alias": "old-name",
        "meta": "@sys.any",
        "userDefined": false
      }
    ],
    "isTemplate": false,
    "count": 0,
    "updated": 1508523844
  },
  {
    "id": "9078ba49-4cec-41c4-9934-c64c5f683d8f",
    "data": [
      {
        "text": "please change name for the reminder",
        "userDefined": false
      }
    ],
    "isTemplate": false,
    "count": 0,
    "updated": 1508454207
  },
  {
    "id": "058d95c5-f7bf-436c-a7cd-66ceef408dc6",
    "data": [
      {
        "text": "change the name of my reminder",
        "userDefined": false
      }
    ],
    "isTemplate": false,
    "count": 1,
    "updated": 1508454207
  },
  {
    "id": "f3c2589a-6600-407a-b493-6203e12c677f",
    "data": [
      {
        "text": "rename",
        "userDefined": false
      }
    ],
    "isTemplate": false,
    "count": 0,
    "updated": 1508454207
  },
  {
    "id": "cc8e2870-1041-408d-90b9-8c3570c27879",
    "data": [
      {
        "text": "change the name",
        "userDefined": false
      }
    ],
    "isTemplate": false,
    "count": 0,
    "updated": 1508454207
  },
  {
    "id": "519bc591-a8a4-4ff0-86b5-70795917c533",
    "data": [
      {
        "text": "I don\u0027t like the name of this reminder",
        "userDefined": false
      }
    ],
    "isTemplate": false,
    "count": 0,
    "updated": 1508454207
  },
  {
    "id": "f70532a0-5af1-4340-87fc-238652910688",
    "data": [
      {
        "text": "rename reminder",
        "userDefined": false
      }
    ],
    "isTemplate": false,
    "count": 0,
    "updated": 1508454207
  },
  {
    "id": "3403b8b2-d6c0-4c09-bd48-2a06db3dad63",
    "data": [
      {
        "text": "rename reminder about ",
        "userDefined": false
      },
      {
        "text": "pills",
        "alias": "old-name",
        "meta": "@sys.any",
        "userDefined": false
      },
      {
        "text": " to ",
        "userDefined": false
      },
      {
        "text": "eat apples",
        "alias": "name",
        "meta": "@sys.any",
        "userDefined": true
      }
    ],
    "isTemplate": false,
    "count": 0,
    "updated": 1508523667
  },
  {
    "id": "d7ab7b4a-f423-4562-beba-0c8d58f96776",
    "data": [
      {
        "text": "reminder about ",
        "userDefined": false
      },
      {
        "text": "running",
        "alias": "old-name",
        "meta": "@sys.any",
        "userDefined": false
      },
      {
        "text": " should be renamed to ",
        "userDefined": false
      },
      {
        "text": "yoga",
        "alias": "name",
        "meta": "@sys.any",
        "userDefined": true
      }
    ],
    "isTemplate": false,
    "count": 0,
    "updated": 1508454379
  },
  {
    "id": "1b40b180-8ac3-48af-952e-60245e741bc2",
    "data": [
      {
        "text": "I want ",
        "userDefined": false
      },
      {
        "text": "call",
        "meta": "@sys.ignore",
        "userDefined": false
      },
      {
        "text": " my reminder differently",
        "userDefined": false
      }
    ],
    "isTemplate": false,
    "count": 0,
    "updated": 1508454207
  },
  {
    "id": "8882a0e9-4501-42af-b767-e2b90b89a8b2",
    "data": [
      {
        "text": "rename my reminder",
        "userDefined": false
      }
    ],
    "isTemplate": false,
    "count": 0,
    "updated": 0
  }
]