[
  {
    "value": "10 inches",
    "synonyms": [
      "10 inches",
      "10"
    ]
  },
  {
    "value": "7 inches",
    "synonyms": [
      "7 inches",
      "7"
    ]
  },
  {
    "value": "16 inches",
    "synonyms": [
      "16 inches",
      "16"
    ]
  },
  {
    "value": "Guitar",
    "synonyms": [
      "Guitar",
      "Guitar"
    ]
  },
  {
    "value": "Keyboards",
    "synonyms": [
      "Keyboards",
      "Keyboards"
    ]
  },
  {
    "value": "Trumpet",
    "synonyms": [
      "Trumpet",
      "Trumpet"
    ]
  },
  {
    "value": "15",
    "synonyms": [
      "15",
      "15"
    ]
  },
  {
    "value": "10",
    "synonyms": [
      "10",
      "10"
    ]
  },
  {
    "value": "24",
    "synonyms": [
      "24",
      "24"
    ]
  },
  {
    "value": "50 years",
    "synonyms": [
      "50 years",
      "50"
    ]
  },
  {
    "value": "45 years",
    "synonyms": [
      "45 years",
      "45"
    ]
  },
  {
    "value": "30 years",
    "synonyms": [
      "30 years",
      "30"
    ]
  },
  {
    "value": "Angel Falls",
    "synonyms": [
      "Angel Falls",
      "Angel"
    ]
  },
  {
    "value": "Victoria Falls",
    "synonyms": [
      "Victoria Falls",
      "Victoria"
    ]
  },
  {
    "value": "Niagara Falls",
    "synonyms": [
      "Niagara Falls",
      "Niagara"
    ]
  },
  {
    "value": "Ian Fleming",
    "synonyms": [
      "Ian Fleming",
      "Ian",
      "Fleming"
    ]
  },
  {
    "value": "Robert Ludlum",
    "synonyms": [
      "Robert Ludlum",
      "Robert",
      "Ludlum"
    ]
  },
  {
    "value": "Sean Connery",
    "synonyms": [
      "Sean Connery",
      "Sean",
      "Connery"
    ]
  },
  {
    "value": "1969",
    "synonyms": [
      "1969",
      "69",
      "1969",
      "69"
    ]
  },
  {
    "value": "1970",
    "synonyms": [
      "1970",
      "70",
      "1970",
      "70"
    ]
  },
  {
    "value": "1966",
    "synonyms": [
      "1966",
      "66",
      "1966",
      "66"
    ]
  },
  {
    "value": "Austin",
    "synonyms": [
      "Austin",
      "Austin"
    ]
  },
  {
    "value": "Dallas",
    "synonyms": [
      "Dallas",
      "Dallas"
    ]
  },
  {
    "value": "Houston",
    "synonyms": [
      "Houston",
      "Houston"
    ]
  },
  {
    "value": "12",
    "synonyms": [
      "12",
      "12"
    ]
  },
  {
    "value": "22",
    "synonyms": [
      "22",
      "22"
    ]
  },
  {
    "value": "33",
    "synonyms": [
      "33",
      "33"
    ]
  },
  {
    "value": "Alaska",
    "synonyms": [
      "Alaska",
      "Alaska"
    ]
  },
  {
    "value": "Nebraska",
    "synonyms": [
      "Nebraska",
      "Nebraska"
    ]
  },
  {
    "value": "Hawaii",
    "synonyms": [
      "Hawaii",
      "Hawaii"
    ]
  },
  {
    "value": "1024",
    "synonyms": [
      "1024",
      "1k",
      "1024",
      "1k"
    ]
  },
  {
    "value": "1000",
    "synonyms": [
      "1000",
      "1000"
    ]
  },
  {
    "value": "256",
    "synonyms": [
      "256",
      "256"
    ]
  },
  {
    "value": "English and French",
    "synonyms": [
      "English and French"
    ]
  },
  {
    "value": "Swedish and French",
    "synonyms": [
      "Swedish and French",
      "Swedish"
    ]
  },
  {
    "value": "English and Spanish",
    "synonyms": [
      "English and Spanish",
      "Spanish"
    ]
  },
  {
    "value": "The Bronx",
    "synonyms": [
      "The Bronx",
      "Bronx"
    ]
  },
  {
    "value": "Brooklyn",
    "synonyms": [
      "Brooklyn",
      "Brooklyn"
    ]
  },
  {
    "value": "Queens",
    "synonyms": [
      "Queens",
      "Queens"
    ]
  },
  {
    "value": "United States",
    "synonyms": [
      "United States",
      "USA",
      "US",
      "United",
      "States",
      "USA",
      "US"
    ]
  },
  {
    "value": "India",
    "synonyms": [
      "India",
      "India"
    ]
  },
  {
    "value": "China",
    "synonyms": [
      "China",
      "China"
    ]
  },
  {
    "value": "TRUE",
    "synonyms": [
      "TRUE",
      "TRUE"
    ]
  },
  {
    "value": "FALSE",
    "synonyms": [
      "FALSE",
      "FALSE"
    ]
  }
]